,,,,,,,,,bB&C-I,,,,,,,,,bB&C-I+E,,,,,,,,,bB&C-I+L,,,,,,,,,,bB&C-I+E+L,,,,,,,,,
id,|I|,K,r,R,theta,low p_i (%),#C1,#CP,T,N,Gap(%),RGap(%),Obj,UB,#Cut,#MaxSM,#OA,T,N,Gap(%),RGap(%),Obj,UB,#Cut,#MaxSM,#EOA,T,N,Gap(%),RGap(%),Obj,UB,#Cut,#MaxSM,#OA,#LS,T,N,Gap(%),RGap(%),Obj,UB,#Cut,#MaxSM,#EOA,#LS
1-1-20-0.01-10,100,5,1,20,0.01,10,102,76,0.0,0,0.0,0.0,10.853588,10.854,229,109,120,0.0,0,0.0,0.0,10.853588,10.854,229,109,120,0.0,0,0.0,0.0,10.853588,10.854,243,109,120,14,0.0,0,0.0,0.0,10.853588,10.854,237,109,120,8
1-1-20-0.01-50,100,5,1,20,0.01,50,102,76,0.0,0,0.0,0.0,9.948369,9.948,222,109,113,0.0,0,0.0,0.0,9.948369,9.948,222,109,113,0.0,0,0.0,0.0,9.948369,9.948,236,109,113,14,0.0,0,0.0,0.0,9.948369,9.948,236,109,113,14
1-1-20-0.01-90,100,5,1,20,0.01,90,102,76,0.0,0,0.0,0.0,7.546881,7.547,215,109,106,0.0,0,0.0,0.0,7.546881,7.547,215,109,106,0.0,0,0.0,0.0,7.546881,7.547,215,109,106,0,0.1,0,0.0,0.0,7.546881,7.547,215,109,106,0
1-1-20-0.1-10,100,5,1,20,0.1,10,102,76,0.0,0,0.0,0.0,10.853588,10.854,229,113,116,0.0,0,0.0,0.0,10.853588,10.854,225,109,116,0.0,0,0.0,0.0,10.853588,10.854,251,113,116,22,0.0,0,0.0,0.0,10.853588,10.854,235,109,116,10
1-1-20-0.1-50,100,5,1,20,0.1,50,102,76,0.0,0,0.0,0.0,9.948369,9.948,222,109,113,0.0,0,0.0,0.0,9.948369,9.948,222,109,113,0.0,0,0.0,0.0,9.948369,9.948,246,113,113,20,0.0,0,0.0,0.0,9.948369,9.948,232,109,113,10
1-1-20-0.1-90,100,5,1,20,0.1,90,102,76,0.0,0,0.0,0.0,7.546881,7.547,215,109,106,0.0,0,0.0,0.0,7.546881,7.547,215,109,106,0.0,0,0.0,0.0,7.546881,7.547,215,109,106,0,0.0,0,0.0,0.0,7.546881,7.547,215,109,106,0
1-1-20-0.2-10,100,5,1,20,0.2,10,102,76,0.0,0,0.0,0.0,10.853588,10.854,229,113,116,0.0,0,0.0,0.0,10.853588,10.854,225,109,116,0.0,0,0.0,0.0,10.853588,10.854,251,113,116,22,0.0,0,0.0,0.0,10.853588,10.854,235,109,116,10
1-1-20-0.2-50,100,5,1,20,0.2,50,102,76,0.0,0,0.0,0.0,9.948369,9.948,231,113,118,0.0,0,0.0,0.0,9.948369,9.948,231,113,118,0.0,0,0.0,0.0,9.948369,9.948,238,113,115,10,0.0,0,0.0,0.0,9.948369,9.948,238,113,115,10
1-1-20-0.2-90,100,5,1,20,0.2,90,102,76,0.0,0,0.0,0.0,7.546881,7.547,215,109,106,0.0,0,0.0,0.0,7.546881,7.547,215,109,106,0.0,0,0.0,0.0,7.546881,7.547,215,109,106,0,0.0,0,0.0,0.0,7.546881,7.547,215,109,106,0
1-2-20-0.01-10,100,5,2,20,0.01,10,106,72,0.0,0,0.0,0.0,11.481454,11.481,225,111,114,0.0,0,0.0,0.0,11.481454,11.481,221,107,114,0.0,0,0.0,0.0,11.481454,11.481,251,111,114,26,0.0,0,0.0,0.0,11.481454,11.481,235,107,114,14
1-2-20-0.01-50,100,5,2,20,0.01,50,106,72,0.0,0,0.0,0.0,10.488257,10.488,222,111,111,0.0,0,0.0,0.0,10.488257,10.488,218,107,111,0.0,0,0.0,0.0,10.488257,10.488,244,111,111,22,0.0,0,0.0,0.0,10.488257,10.488,232,107,111,14
1-2-20-0.01-90,100,5,2,20,0.01,90,106,72,0.0,0,0.0,0.0,9.280801,9.281,213,107,106,0.0,0,0.0,0.0,9.280801,9.281,213,107,106,0.0,0,0.0,0.0,9.280801,9.281,213,107,106,0,0.0,0,0.0,0.0,9.280801,9.281,213,107,106,0
1-2-20-0.1-10,100,5,2,20,0.1,10,106,72,0.0,0,0.0,0.0,11.481454,11.481,225,111,114,0.0,0,0.0,0.0,11.481454,11.481,221,107,114,0.0,0,0.0,0.0,11.481454,11.481,247,111,114,22,0.0,0,0.0,0.0,11.481454,11.481,231,107,114,10
1-2-20-0.1-50,100,5,2,20,0.1,50,106,72,0.0,0,0.0,0.0,10.488257,10.488,225,111,114,0.0,0,0.0,0.0,10.488257,10.488,225,111,114,0.0,0,0.0,0.0,10.488257,10.488,238,111,113,14,0.0,0,0.0,0.0,10.488257,10.488,238,111,113,14
1-2-20-0.1-90,100,5,2,20,0.1,90,106,72,0.0,0,0.0,0.0,9.280801,9.281,213,107,106,0.0,0,0.0,0.0,9.280801,9.281,213,107,106,0.0,0,0.0,0.0,9.280801,9.281,213,107,106,0,0.0,0,0.0,0.0,9.280801,9.281,213,107,106,0
1-2-20-0.2-10,100,5,2,20,0.2,10,106,72,0.0,0,0.0,0.0,11.481454,11.481,226,110,116,0.0,0,0.0,0.0,11.481454,11.481,226,110,116,0.0,0,0.0,0.0,11.481454,11.481,236,110,116,10,0.0,0,0.0,0.0,11.481454,11.481,236,110,116,10
1-2-20-0.2-50,100,5,2,20,0.2,50,106,72,0.0,0,0.0,0.0,10.488257,10.488,225,111,114,0.0,0,0.0,0.0,10.488257,10.488,225,111,114,0.0,0,0.0,0.0,10.488257,10.488,238,111,113,14,0.0,0,0.0,0.0,10.488257,10.488,238,111,113,14
1-2-20-0.2-90,100,5,2,20,0.2,90,106,72,0.0,0,0.0,0.0,9.280801,9.281,213,107,106,0.0,0,0.0,0.0,9.280801,9.281,213,107,106,0.0,0,0.0,0.0,9.280801,9.281,213,107,106,0,0.0,0,0.0,0.0,9.280801,9.281,213,107,106,0
2-1-20-0.01-10,100,10,1,20,0.01,10,106,94,0.0,0,0.0,0.0,19.956248,19.956,252,128,124,0.0,0,0.0,0.0,19.956248,19.956,243,119,124,0.0,0,0.0,0.0,19.956248,19.956,305,129,122,54,0.0,0,0.0,0.0,19.956248,19.956,272,119,121,32
2-1-20-0.01-50,100,10,1,20,0.01,50,106,94,0.0,0,0.0,0.0,18.883003,18.883,249,127,122,0.0,0,0.0,0.0,18.883003,18.883,238,118,120,0.0,0,0.0,0.0,18.883003,18.883,269,127,120,22,0.0,0,0.0,0.0,18.883003,18.883,252,118,120,14
2-1-20-0.01-90,100,10,1,20,0.01,90,106,94,0.0,0,0.0,0.0,15.526187,15.526,227,117,110,0.0,0,0.0,0.0,15.526187,15.526,227,117,110,0.0,0,0.0,0.0,15.526187,15.526,231,117,110,4,0.0,0,0.0,0.0,15.526187,15.526,231,117,110,4
2-1-20-0.1-10,100,10,1,20,0.1,10,106,94,0.0,0,0.0,0.0,19.942214,19.942,252,129,123,0.0,0,0.0,0.0,19.942214,19.942,243,120,123,0.0,0,0.0,0.0,19.942214,19.942,298,129,121,48,0.0,0,0.0,0.0,19.942214,19.942,269,120,121,28
2-1-20-0.1-50,100,10,1,20,0.1,50,106,94,0.0,0,0.0,0.0,18.883003,18.883,245,125,120,0.0,0,0.0,0.0,18.883003,18.883,243,121,122,0.0,0,0.0,0.0,18.883003,18.883,261,123,120,18,0.0,0,0.0,0.0,18.883003,18.883,250,117,121,12
2-1-20-0.1-90,100,10,1,20,0.1,90,106,94,0.0,0,0.0,0.0,15.526187,15.526,228,118,110,0.0,0,0.0,0.0,15.526187,15.526,228,118,110,0.0,0,0.0,0.0,15.526187,15.526,232,118,110,4,0.0,0,0.0,0.0,15.526187,15.526,232,118,110,4
2-1-20-0.2-10,100,10,1,20,0.2,10,106,94,0.0,0,0.0,0.0,19.926620,19.927,256,125,131,0.0,0,0.0,0.0,19.926620,19.927,254,125,129,0.0,0,0.0,0.0,19.926620,19.927,277,125,126,26,0.0,0,0.0,0.0,19.926620,19.927,281,125,126,30
2-1-20-0.2-50,100,10,1,20,0.2,50,106,94,0.0,0,0.0,0.0,18.883003,18.883,246,125,121,0.0,0,0.0,0.0,18.883003,18.883,238,117,121,0.0,0,0.0,0.0,18.883003,18.883,261,123,120,18,0.0,0,0.0,0.0,18.883003,18.883,251,117,120,14
2-1-20-0.2-90,100,10,1,20,0.2,90,106,94,0.0,0,0.0,0.0,15.526187,15.526,229,119,110,0.0,0,0.0,0.0,15.526187,15.526,233,123,110,0.0,0,0.0,0.0,15.526187,15.526,233,119,110,4,0.0,0,0.0,0.0,15.526187,15.526,237,123,110,4
2-2-20-0.01-10,100,10,2,20,0.01,10,112,88,0.0,0,0.0,0.0,21.209998,21.210,244,120,124,0.0,0,0.0,0.0,21.209998,21.210,240,116,124,0.0,0,0.0,0.0,21.209998,21.210,294,120,124,50,0.0,0,0.0,0.0,21.209998,21.210,282,116,124,42
2-2-20-0.01-50,100,10,2,20,0.01,50,112,88,0.0,0,0.0,0.0,20.606536,20.607,241,122,119,0.0,0,0.0,0.0,20.606536,20.607,238,119,119,0.0,0,0.0,0.0,20.606536,20.607,264,122,118,24,0.0,0,0.0,0.0,20.606536,20.607,250,118,118,14
2-2-20-0.01-90,100,10,2,20,0.01,90,112,88,0.0,0,0.0,0.0,18.048164,18.048,223,116,107,0.0,0,0.0,0.0,18.048164,18.048,223,116,107,0.0,0,0.0,0.0,18.048164,18.048,235,116,107,12,0.0,0,0.0,0.0,18.048164,18.048,235,116,107,12
2-2-20-0.1-10,100,10,2,20,0.1,10,112,88,0.0,0,0.0,0.0,21.195964,21.196,242,120,122,0.0,0,0.0,0.0,21.195964,21.196,237,114,123,0.0,0,0.0,0.0,21.195964,21.196,288,120,122,46,0.0,0,0.0,0.0,21.195964,21.196,276,116,122,38
2-2-20-0.1-50,100,10,2,20,0.1,50,112,88,0.0,0,0.0,0.0,20.605933,20.606,241,122,119,0.0,0,0.0,0.0,20.605933,20.606,237,118,119,0.0,0,0.0,0.0,20.605933,20.606,264,122,118,24,0.0,0,0.0,0.0,20.605933,20.606,250,118,118,14
2-2-20-0.1-90,100,10,2,20,0.1,90,112,88,0.0,0,0.0,0.0,18.047561,18.048,223,116,107,0.0,0,0.0,0.0,18.047561,18.048,223,116,107,0.0,0,0.0,0.0,18.047561,18.048,235,116,107,12,0.0,0,0.0,0.0,18.047561,18.048,235,116,107,12
2-2-20-0.2-10,100,10,2,20,0.2,10,112,88,0.0,0,0.0,0.0,21.180370,21.180,244,118,126,0.0,0,0.0,0.0,21.180370,21.180,245,119,126,0.0,0,0.0,0.0,21.180370,21.180,277,118,123,36,0.0,0,0.0,0.0,21.180370,21.180,274,119,125,30
2-2-20-0.2-50,100,10,2,20,0.2,50,112,88,0.0,0,0.0,0.0,20.605263,20.605,241,122,119,0.0,0,0.0,0.0,20.605263,20.605,237,118,119,0.0,0,0.0,0.0,20.605263,20.605,264,122,118,24,0.0,0,0.0,0.0,20.605263,20.605,250,118,118,14
2-2-20-0.2-90,100,10,2,20,0.2,90,112,88,0.0,0,0.0,0.0,18.046891,18.047,223,116,107,0.0,0,0.0,0.0,18.046891,18.047,223,116,107,0.0,0,0.0,0.0,18.046891,18.047,235,116,107,12,0.0,0,0.0,0.0,18.046891,18.047,235,116,107,12
3-1-20-0.01-10,100,10,1,20,0.01,10,106,110,0.2,266,0.0,2.0,20.361343,20.361,326,163,163,0.1,47,0.0,1.5,20.361343,20.361,297,155,142,0.1,8,0.0,0.1,20.361343,20.361,419,150,133,136,0.1,6,0.0,0.1,20.361343,20.361,394,147,135,112
3-1-20-0.01-50,100,10,1,20,0.01,50,106,110,0.1,15,0.0,0.9,19.559084,19.559,291,136,155,0.1,31,0.0,0.7,19.559084,19.559,273,132,141,0.1,3,0.0,0.0,19.559084,19.559,381,135,138,108,0.1,2,0.0,0.0,19.559084,19.559,339,131,134,74
3-1-20-0.01-90,100,10,1,20,0.01,90,106,110,0.1,94,0.0,2.4,15.797506,15.798,278,137,141,0.7,1000,0.0,1.5,15.797506,15.798,276,134,142,0.1,11,0.0,1.3,15.797506,15.798,378,145,129,104,0.1,35,0.0,1.2,15.797506,15.798,326,129,127,70
3-1-20-0.1-10,100,10,1,20,0.1,10,106,110,0.2,380,0.0,1.8,20.277490,20.277,319,157,162,0.2,270,0.0,1.1,20.277490,20.277,317,154,163,0.1,5,0.0,0.0,20.277490,20.277,344,136,134,74,0.1,3,0.0,0.0,20.277490,20.277,367,142,131,94
3-1-20-0.1-50,100,10,1,20,0.1,50,106,110,0.1,14,0.0,0.5,19.477153,19.477,273,139,134,0.1,4,0.0,0.1,19.477153,19.477,275,138,137,0.1,7,0.0,0.2,19.477153,19.477,328,130,124,74,0.0,0,0.0,0.0,19.477153,19.477,315,128,123,64
3-1-20-0.1-90,100,10,1,20,0.1,90,106,110,0.1,44,0.0,1.6,15.730804,15.731,282,142,140,1.1,1968,0.0,1.3,15.730804,15.731,277,137,140,0.1,66,0.0,0.4,15.730804,15.731,360,135,121,104,0.1,16,0.0,0.4,15.730804,15.731,318,121,127,70
3-1-20-0.2-10,100,10,1,20,0.2,10,106,110,0.1,156,0.0,1.5,20.184319,20.184,303,141,162,0.1,199,0.0,1.6,20.184319,20.184,288,134,154,0.0,0,0.0,0.0,20.184319,20.184,334,136,132,66,0.0,0,0.0,0.0,20.184319,20.184,333,132,131,70
3-1-20-0.2-50,100,10,1,20,0.2,50,106,110,0.1,13,0.0,0.4,19.386118,19.386,263,132,131,0.1,26,0.0,0.4,19.386118,19.386,274,134,140,0.1,3,0.0,0.0,19.386118,19.386,367,138,127,102,0.0,0,0.0,0.0,19.386118,19.386,326,130,122,74
3-1-20-0.2-90,100,10,1,20,0.2,90,106,110,0.1,8,0.0,0.7,15.656690,15.657,244,129,115,0.3,530,0.0,1.2,15.656690,15.657,246,130,116,0.1,0,0.0,0.0,15.656690,15.657,324,134,114,76,0.0,0,0.0,0.0,15.656690,15.657,305,130,123,52
3-2-20-0.01-10,100,10,2,20,0.01,10,106,110,0.2,266,0.0,2.0,20.361343,20.361,326,163,163,0.1,47,0.0,1.5,20.361343,20.361,297,155,142,0.1,8,0.0,0.1,20.361343,20.361,419,150,133,136,0.1,6,0.0,0.1,20.361343,20.361,394,147,135,112
3-2-20-0.01-50,100,10,2,20,0.01,50,106,110,0.1,15,0.0,0.9,19.559084,19.559,291,136,155,0.1,31,0.0,0.7,19.559084,19.559,273,132,141,0.1,3,0.0,0.0,19.559084,19.559,381,135,138,108,0.1,2,0.0,0.0,19.559084,19.559,339,131,134,74
3-2-20-0.01-90,100,10,2,20,0.01,90,106,110,0.1,94,0.0,2.4,15.797506,15.798,278,137,141,0.7,1000,0.0,1.5,15.797506,15.798,276,134,142,0.1,11,0.0,1.3,15.797506,15.798,378,145,129,104,0.1,35,0.0,1.2,15.797506,15.798,326,129,127,70
3-2-20-0.1-10,100,10,2,20,0.1,10,106,110,0.2,380,0.0,1.8,20.277490,20.277,319,157,162,0.2,270,0.0,1.1,20.277490,20.277,317,154,163,0.1,5,0.0,0.0,20.277490,20.277,344,136,134,74,0.1,3,0.0,0.0,20.277490,20.277,367,142,131,94
3-2-20-0.1-50,100,10,2,20,0.1,50,106,110,0.1,14,0.0,0.5,19.477153,19.477,273,139,134,0.1,4,0.0,0.1,19.477153,19.477,275,138,137,0.1,7,0.0,0.2,19.477153,19.477,328,130,124,74,0.0,0,0.0,0.0,19.477153,19.477,315,128,123,64
3-2-20-0.1-90,100,10,2,20,0.1,90,106,110,0.1,44,0.0,1.6,15.730804,15.731,282,142,140,1.1,1968,0.0,1.3,15.730804,15.731,277,137,140,0.1,66,0.0,0.4,15.730804,15.731,360,135,121,104,0.1,16,0.0,0.4,15.730804,15.731,318,121,127,70
3-2-20-0.2-10,100,10,2,20,0.2,10,106,110,0.1,156,0.0,1.5,20.184319,20.184,303,141,162,0.2,199,0.0,1.6,20.184319,20.184,288,134,154,0.0,0,0.0,0.0,20.184319,20.184,334,136,132,66,0.0,0,0.0,0.0,20.184319,20.184,333,132,131,70
3-2-20-0.2-50,100,10,2,20,0.2,50,106,110,0.1,13,0.0,0.4,19.386118,19.386,263,132,131,0.1,26,0.0,0.4,19.386118,19.386,274,134,140,0.1,3,0.0,0.0,19.386118,19.386,367,138,127,102,0.1,0,0.0,0.0,19.386118,19.386,326,130,122,74
3-2-20-0.2-90,100,10,2,20,0.2,90,106,110,0.0,8,0.0,0.7,15.656690,15.657,244,129,115,0.3,530,0.0,1.2,15.656690,15.657,246,130,116,0.1,0,0.0,0.0,15.656690,15.657,324,134,114,76,0.1,0,0.0,0.0,15.656690,15.657,305,130,123,52
4-1-20-0.01-10,100,20,1,20,0.01,10,100,62,0.0,0,0.0,0.0,28.541521,28.542,263,133,130,0.0,0,0.0,0.0,28.541521,28.542,257,127,130,0.0,0,0.0,0.0,28.541521,28.542,328,132,126,70,0.0,0,0.0,0.0,28.541521,28.542,313,127,126,60
4-1-20-0.01-50,100,20,1,20,0.01,50,100,62,0.0,0,0.0,0.0,26.707726,26.708,259,134,125,0.0,2,0.0,0.0,26.707726,26.708,257,132,125,0.0,0,0.0,0.0,26.707726,26.708,300,130,124,46,0.0,0,0.0,0.0,26.707726,26.708,305,131,124,50
4-1-20-0.01-90,100,20,1,20,0.01,90,100,62,0.0,13,0.0,0.0,21.904803,21.905,234,127,107,0.0,8,0.0,0.0,21.904803,21.905,236,129,107,0.0,0,0.0,0.0,21.904803,21.905,273,128,107,38,0.0,2,0.0,0.0,21.904803,21.905,273,128,107,38
4-1-20-0.1-10,100,20,1,20,0.1,10,100,62,0.0,0,0.0,0.0,28.505736,28.506,262,132,130,0.0,0,0.0,0.0,28.505736,28.506,258,128,130,0.0,0,0.0,0.0,28.505736,28.506,305,130,125,50,0.0,0,0.0,0.0,28.505736,28.506,290,126,126,38
4-1-20-0.1-50,100,20,1,20,0.1,50,100,62,0.0,3,0.0,0.0,26.690067,26.690,256,131,125,0.0,0,0.0,0.0,26.690067,26.690,254,128,126,0.0,0,0.0,0.0,26.690067,26.690,298,131,123,44,0.0,0,0.0,0.0,26.690067,26.690,298,131,123,44
4-1-20-0.1-90,100,20,1,20,0.1,90,100,62,0.1,10,0.0,0.0,21.903894,21.904,243,131,112,0.0,8,0.0,0.0,21.903894,21.904,234,127,107,0.0,2,0.0,0.0,21.903894,21.904,272,127,107,38,0.0,2,0.0,0.0,21.903894,21.904,277,128,107,42
4-1-20-0.2-10,100,20,1,20,0.2,10,100,62,0.0,0,0.0,0.0,28.465974,28.466,261,132,129,0.0,0,0.0,0.0,28.465974,28.466,255,126,129,0.0,0,0.0,0.0,28.465974,28.466,305,131,126,48,0.0,0,0.0,0.0,28.465974,28.466,290,126,126,38
4-1-20-0.2-50,100,20,1,20,0.2,50,100,62,0.0,0,0.0,0.0,26.670447,26.670,256,132,124,0.0,0,0.0,0.0,26.670447,26.670,253,129,124,0.0,0,0.0,0.0,26.670447,26.670,303,132,123,48,0.0,0,0.0,0.0,26.670447,26.670,294,129,123,42
4-1-20-0.2-90,100,20,1,20,0.2,90,100,62,0.0,0,0.0,0.0,21.902884,21.903,234,127,107,0.0,0,0.0,0.0,21.902884,21.903,233,126,107,0.0,4,0.0,0.0,21.902884,21.903,259,126,107,26,0.0,3,0.0,0.0,21.902884,21.903,259,126,107,26
4-2-20-0.01-10,100,20,2,20,0.01,10,100,62,0.0,0,0.0,0.0,28.541521,28.542,263,133,130,0.0,0,0.0,0.0,28.541521,28.542,257,127,130,0.0,0,0.0,0.0,28.541521,28.542,328,132,126,70,0.0,0,0.0,0.0,28.541521,28.542,313,127,126,60
4-2-20-0.01-50,100,20,2,20,0.01,50,100,62,0.0,0,0.0,0.0,26.707726,26.708,259,134,125,0.0,2,0.0,0.0,26.707726,26.708,257,132,125,0.0,0,0.0,0.0,26.707726,26.708,300,130,124,46,0.0,0,0.0,0.0,26.707726,26.708,305,131,124,50
4-2-20-0.01-90,100,20,2,20,0.01,90,100,62,0.0,13,0.0,0.0,21.904803,21.905,234,127,107,0.0,8,0.0,0.0,21.904803,21.905,236,129,107,0.0,0,0.0,0.0,21.904803,21.905,273,128,107,38,0.0,2,0.0,0.0,21.904803,21.905,273,128,107,38
4-2-20-0.1-10,100,20,2,20,0.1,10,100,62,0.0,0,0.0,0.0,28.505736,28.506,262,132,130,0.0,0,0.0,0.0,28.505736,28.506,258,128,130,0.0,0,0.0,0.0,28.505736,28.506,305,130,125,50,0.0,0,0.0,0.0,28.505736,28.506,290,126,126,38
4-2-20-0.1-50,100,20,2,20,0.1,50,100,62,0.0,3,0.0,0.0,26.690067,26.690,256,131,125,0.0,0,0.0,0.0,26.690067,26.690,254,128,126,0.0,0,0.0,0.0,26.690067,26.690,298,131,123,44,0.0,0,0.0,0.0,26.690067,26.690,298,131,123,44
4-2-20-0.1-90,100,20,2,20,0.1,90,100,62,0.0,10,0.0,0.0,21.903894,21.904,243,131,112,0.0,8,0.0,0.0,21.903894,21.904,234,127,107,0.0,2,0.0,0.0,21.903894,21.904,272,127,107,38,0.0,2,0.0,0.0,21.903894,21.904,277,128,107,42
4-2-20-0.2-10,100,20,2,20,0.2,10,100,62,0.0,0,0.0,0.0,28.465974,28.466,261,132,129,0.0,0,0.0,0.0,28.465974,28.466,255,126,129,0.0,0,0.0,0.0,28.465974,28.466,305,131,126,48,0.0,0,0.0,0.0,28.465974,28.466,290,126,126,38
4-2-20-0.2-50,100,20,2,20,0.2,50,100,62,0.0,0,0.0,0.0,26.670447,26.670,256,132,124,0.0,0,0.0,0.0,26.670447,26.670,253,129,124,0.0,0,0.0,0.0,26.670447,26.670,303,132,123,48,0.0,0,0.0,0.0,26.670447,26.670,294,129,123,42
4-2-20-0.2-90,100,20,2,20,0.2,90,100,62,0.0,0,0.0,0.0,21.902884,21.903,234,127,107,0.0,0,0.0,0.0,21.902884,21.903,233,126,107,0.0,4,0.0,0.0,21.902884,21.903,259,126,107,26,0.0,3,0.0,0.0,21.902884,21.903,259,126,107,26
5-1-20-0.01-10,100,33,1,20,0.01,10,104,140,6.2,1115,0.0,1.8,49.971058,49.971,456,249,207,1.1,1138,0.0,1.7,49.971058,49.971,418,193,225,1.0,1011,0.0,0.6,49.971058,49.971,674,207,147,320,0.1,41,0.0,0.5,49.971058,49.971,550,184,154,212
5-1-20-0.01-50,100,33,1,20,0.01,50,104,140,0.6,940,0.0,0.8,48.768597,48.769,343,169,174,1.0,1456,0.0,0.6,48.768597,48.769,320,153,167,0.1,7,0.0,0.1,48.768597,48.769,396,155,135,106,0.1,13,0.0,0.1,48.768597,48.769,396,152,140,104
5-1-20-0.01-90,100,33,1,20,0.01,90,104,140,0.5,507,0.0,0.2,38.222377,38.222,283,162,121,0.5,502,0.0,0.1,38.222377,38.222,281,158,123,0.8,978,0.0,0.0,38.222377,38.222,388,140,110,138,1.2,984,0.0,0.0,38.222377,38.222,387,141,110,136
5-1-20-0.1-10,100,33,1,20,0.1,10,104,140,1.0,1246,0.0,1.2,49.753050,49.753,418,208,210,1.1,1511,0.0,1.3,49.753050,49.753,377,182,195,0.2,201,0.0,0.4,49.753050,49.753,549,170,139,240,0.1,40,0.0,0.4,49.753050,49.753,481,167,138,176
5-1-20-0.1-50,100,33,1,20,0.1,50,104,140,0.1,109,0.0,0.4,48.670604,48.671,305,152,153,0.8,1424,0.0,0.6,48.670604,48.671,289,143,146,0.0,4,0.0,0.0,48.670604,48.671,350,140,132,78,0.0,3,0.0,0.0,48.670604,48.671,348,140,132,76
5-1-20-0.1-90,100,33,1,20,0.1,90,104,140,0.5,507,0.0,0.1,38.201361,38.201,259,150,109,0.5,495,0.0,0.2,38.201361,38.201,275,156,119,1.3,1956,0.0,0.0,38.201361,38.201,419,152,119,148,6.0,10761,0.0,0.0,38.201361,38.201,401,147,118,136
5-1-20-0.2-10,100,33,1,20,0.2,10,104,140,0.4,492,0.0,0.7,49.573904,49.574,384,196,188,1.0,1483,0.0,0.8,49.573904,49.574,360,166,194,0.1,15,0.0,0.3,49.573904,49.574,504,165,139,200,0.1,23,0.0,0.2,49.573904,49.574,470,157,141,172
5-1-20-0.2-50,100,33,1,20,0.2,50,104,140,0.1,53,0.0,0.2,48.585291,48.585,285,141,144,0.0,9,0.0,0.1,48.585291,48.585,282,140,142,0.1,4,0.0,0.0,48.585291,48.585,345,138,131,76,0.8,973,0.0,0.0,48.585291,48.585,348,144,138,66
5-1-20-0.2-90,100,33,1,20,0.2,90,104,140,0.5,506,0.0,0.1,38.178011,38.178,276,158,118,0.5,504,0.0,0.1,38.178011,38.178,286,163,123,0.8,986,0.0,0.0,38.178011,38.178,410,154,120,136,TL,7493698,0.0,0.0,38.178011,38.178,401,144,111,146
5-2-20-0.01-10,100,33,2,20,0.01,10,110,134,1.6,2715,0.0,1.7,51.385473,51.385,415,214,201,1.3,2303,0.0,1.6,51.385473,51.385,386,193,193,0.1,23,0.0,0.4,51.385473,51.385,539,177,138,224,0.1,14,0.0,0.3,51.385473,51.385,514,176,150,188
5-2-20-0.01-50,100,33,2,20,0.01,50,110,134,0.3,448,0.0,0.9,50.183013,50.183,325,151,174,1.3,2028,0.0,0.8,50.183013,50.183,311,146,165,0.0,0,0.0,0.0,50.183013,50.183,374,144,132,98,0.0,0,0.0,0.0,50.183013,50.183,358,139,133,86
5-2-20-0.01-90,100,33,2,20,0.01,90,110,134,0.5,487,0.0,0.3,40.423954,40.424,251,145,106,0.8,961,0.0,0.5,40.423954,40.424,280,161,119,0.1,12,0.0,0.0,40.423954,40.424,376,141,107,128,0.1,12,0.0,0.0,40.423954,40.424,370,141,107,122
5-2-20-0.1-10,100,33,2,20,0.1,10,110,134,1.4,1962,0.0,1.2,51.198736,51.199,406,211,195,0.6,487,0.0,1.3,51.198736,51.199,384,191,193,0.1,19,0.0,0.3,51.198736,51.199,501,169,132,200,0.1,23,0.0,0.2,51.198736,51.199,478,162,146,170
5-2-20-0.1-50,100,33,2,20,0.1,50,110,134,0.7,694,0.0,0.4,50.116290,50.116,320,157,163,0.8,1014,0.0,0.4,50.116290,50.116,296,146,150,0.0,0,0.0,0.0,50.116290,50.116,358,140,132,86,0.0,0,0.0,0.0,50.116290,50.116,356,138,132,86
5-2-20-0.1-90,100,33,2,20,0.1,90,110,134,0.5,476,0.0,0.1,40.403967,40.404,257,151,106,0.5,489,0.0,0.1,40.403967,40.404,286,166,120,0.1,16,0.0,0.0,40.403967,40.404,371,142,107,122,0.1,14,0.0,0.0,40.403967,40.404,368,142,108,118
5-2-20-0.2-10,100,33,2,20,0.2,10,110,134,0.9,1013,0.0,0.8,51.054335,51.054,377,189,188,0.8,1006,0.0,0.6,51.054335,51.054,356,178,178,0.1,77,0.0,0.2,51.054335,51.054,490,160,140,190,0.1,16,0.0,0.1,51.054335,51.054,479,158,145,176
5-2-20-0.2-50,100,33,2,20,0.2,50,110,134,0.1,21,0.0,0.1,50.065721,50.066,291,142,149,0.5,1014,0.0,0.1,50.065721,50.066,280,136,144,0.0,0,0.0,0.0,50.065721,50.066,331,133,134,64,0.0,0,0.0,0.0,50.065721,50.066,331,132,135,64
5-2-20-0.2-90,100,33,2,20,0.2,90,110,134,0.5,487,0.0,0.1,40.381758,40.382,262,154,108,0.5,485,0.0,0.1,40.381758,40.382,284,165,119,0.1,15,0.0,0.0,40.381758,40.382,366,142,108,116,0.1,11,0.0,0.0,40.381758,40.382,368,142,108,118
6-1-20-0.01-10,200,5,1,20,0.01,10,220,506,0.0,0,0.0,0.0,22.456362,22.456,493,246,247,0.0,0,0.0,0.0,22.456362,22.456,478,237,241,0.0,0,0.0,0.0,22.456362,22.456,579,246,237,96,0.0,0,0.0,0.0,22.456362,22.456,540,237,237,66
6-1-20-0.01-50,200,5,1,20,0.01,50,220,506,0.1,0,0.0,0.0,20.400251,20.400,481,235,246,0.0,0,0.0,0.0,20.400251,20.400,472,234,238,0.0,0,0.0,0.0,20.400251,20.400,555,234,237,84,0.0,0,0.0,0.0,20.400251,20.400,549,234,237,78
6-1-20-0.01-90,200,5,1,20,0.01,90,220,506,0.1,9,0.0,0.3,16.800677,16.801,501,241,260,0.1,3,0.0,0.0,16.800677,16.801,502,237,265,0.1,0,0.0,0.0,16.800677,16.801,584,239,251,94,0.1,0,0.0,0.0,16.800677,16.801,554,232,244,78
6-1-20-0.1-10,200,5,1,20,0.1,10,220,506,0.1,0,0.0,0.0,22.456362,22.456,493,246,247,0.0,0,0.0,0.0,22.456362,22.456,478,237,241,0.0,0,0.0,0.0,22.456362,22.456,571,246,237,88,0.0,0,0.0,0.0,22.456362,22.456,540,237,237,66
6-1-20-0.1-50,200,5,1,20,0.1,50,220,506,0.0,0,0.0,0.0,20.400251,20.400,475,231,244,0.0,0,0.0,0.0,20.400251,20.400,472,231,241,0.0,0,0.0,0.0,20.400251,20.400,555,231,236,88,0.0,0,0.0,0.0,20.400251,20.400,545,231,236,78
6-1-20-0.1-90,200,5,1,20,0.1,90,220,506,0.1,0,0.0,0.0,16.776032,16.776,486,232,254,0.1,0,0.0,0.0,16.776032,16.776,480,230,250,0.0,0,0.0,0.0,16.776032,16.776,518,230,244,44,0.1,0,0.0,0.0,16.776032,16.776,548,230,244,74
6-1-20-0.2-10,200,5,1,20,0.2,10,220,506,0.0,0,0.0,0.0,22.456362,22.456,493,246,247,0.0,0,0.0,0.0,22.456362,22.456,493,246,247,0.0,0,0.0,0.0,22.456362,22.456,586,256,240,90,0.0,0,0.0,0.0,22.456362,22.456,547,246,241,60
6-1-20-0.2-50,200,5,1,20,0.2,50,220,506,0.0,0,0.0,0.0,20.400251,20.400,470,231,239,0.0,0,0.0,0.0,20.400251,20.400,470,231,239,0.0,0,0.0,0.0,20.400251,20.400,538,231,237,70,0.0,0,0.0,0.0,20.400251,20.400,528,231,237,60
6-1-20-0.2-90,200,5,1,20,0.2,90,220,506,0.1,0,0.0,0.0,16.748648,16.749,491,229,262,0.0,0,0.0,0.0,16.748648,16.749,491,229,262,0.0,0,0.0,0.0,16.748648,16.749,520,229,251,40,0.0,0,0.0,0.0,16.748648,16.749,508,229,251,28
6-2-20-0.01-10,200,5,2,20,0.01,10,238,488,0.1,0,0.0,0.0,24.120613,24.121,500,245,255,0.0,0,0.0,0.0,24.120613,24.121,502,236,266,0.0,0,0.0,0.0,24.120613,24.121,581,243,234,104,0.0,0,0.0,0.0,24.120613,24.121,526,234,238,54
6-2-20-0.01-50,200,5,2,20,0.01,50,238,488,0.0,0,0.0,0.0,22.301665,22.302,475,225,250,0.1,0,0.0,0.0,22.301665,22.302,481,227,254,0.1,0,0.0,0.0,22.301665,22.302,558,231,239,88,0.0,0,0.0,0.0,22.301665,22.302,555,229,234,92
6-2-20-0.01-90,200,5,2,20,0.01,90,238,488,0.0,0,0.0,0.0,18.330722,18.331,472,225,247,0.0,0,0.0,0.0,18.330722,18.331,472,225,247,0.0,0,0.0,0.0,18.330722,18.331,496,225,247,24,0.0,0,0.0,0.0,18.330722,18.331,496,225,247,24
6-2-20-0.1-10,200,5,2,20,0.1,10,238,488,0.1,0,0.0,0.0,24.120613,24.121,501,245,256,0.0,0,0.0,0.0,24.120613,24.121,491,243,248,0.1,0,0.0,0.0,24.120613,24.121,571,243,244,84,0.0,0,0.0,0.0,24.120613,24.121,567,243,244,80
6-2-20-0.1-50,200,5,2,20,0.1,50,238,488,0.0,0,0.0,0.0,22.301665,22.302,481,225,256,0.0,0,0.0,0.0,22.301665,22.302,471,227,244,0.0,0,0.0,0.0,22.301665,22.302,533,223,246,64,0.0,0,0.0,0.0,22.301665,22.302,521,227,234,60
6-2-20-0.1-90,200,5,2,20,0.1,90,238,488,0.0,0,0.0,0.0,18.330722,18.331,472,232,240,0.0,0,0.0,0.0,18.330722,18.331,462,222,240,0.0,0,0.0,0.0,18.330722,18.331,516,232,240,44,0.0,0,0.0,0.0,18.330722,18.331,486,222,240,24
6-2-20-0.2-10,200,5,2,20,0.2,10,238,488,0.0,0,0.0,0.0,24.120613,24.121,494,243,251,0.1,0,0.0,0.0,24.120613,24.121,493,243,250,0.0,0,0.0,0.0,24.120613,24.121,574,243,251,80,0.0,0,0.0,0.0,24.120613,24.121,557,243,246,68
6-2-20-0.2-50,200,5,2,20,0.2,50,238,488,0.1,0,0.0,0.0,22.301665,22.302,474,224,250,0.0,0,0.0,0.0,22.301665,22.302,464,222,242,0.0,0,0.0,0.0,22.301665,22.302,524,222,242,60,0.0,0,0.0,0.0,22.301665,22.302,516,222,242,52
6-2-20-0.2-90,200,5,2,20,0.2,90,238,488,0.0,0,0.0,0.0,18.330722,18.331,472,232,240,0.0,0,0.0,0.0,18.330722,18.331,462,222,240,0.0,0,0.0,0.0,18.330722,18.331,492,232,240,20,0.0,0,0.0,0.0,18.330722,18.331,462,222,240,0
7-1-20-0.01-10,200,10,1,20,0.01,10,212,672,0.5,209,0.0,2.1,40.165403,40.165,909,453,456,0.3,78,0.0,1.9,40.165403,40.165,730,351,379,0.3,37,0.0,1.2,40.165403,40.165,1192,378,320,494,0.3,19,0.0,0.9,40.165403,40.165,1234,381,391,462
7-1-20-0.01-50,200,10,1,20,0.01,50,212,672,0.1,17,0.0,0.5,39.681553,39.682,692,322,370,0.1,38,0.0,0.5,39.681553,39.682,637,289,348,0.1,14,0.0,0.2,39.681553,39.682,754,277,279,198,0.1,8,0.0,0.1,39.681553,39.682,778,280,286,212
7-1-20-0.01-90,200,10,1,20,0.01,90,212,672,0.1,4,0.0,0.2,31.708417,31.708,548,252,296,0.1,0,0.0,0.0,31.708417,31.708,544,252,292,0.1,0,0.0,0.0,31.708417,31.708,640,246,270,124,0.1,0,0.0,0.0,31.708417,31.708,669,256,267,146
7-1-20-0.1-10,200,10,1,20,0.1,10,212,672,0.3,74,0.0,1.8,39.794644,39.795,754,359,395,0.2,48,0.0,1.5,39.794644,39.795,753,361,392,0.3,17,0.0,0.9,39.794644,39.795,1191,364,351,476,0.3,19,0.0,0.8,39.794644,39.795,1166,354,344,468
7-1-20-0.1-50,200,10,1,20,0.1,50,212,672,0.1,24,0.0,0.4,39.341305,39.341,685,311,374,0.1,21,0.0,0.5,39.341305,39.341,599,281,318,0.1,0,0.0,0.0,39.341305,39.341,815,287,268,260,0.1,5,0.0,0.0,39.341305,39.341,776,280,276,220
7-1-20-0.1-90,200,10,1,20,0.1,90,212,672,0.1,0,0.0,0.0,31.018798,31.019,484,229,255,0.1,0,0.0,0.0,31.018798,31.019,492,229,263,0.1,0,0.0,0.0,31.018798,31.019,558,231,249,78,0.1,0,0.0,0.0,31.018798,31.019,553,229,248,76
7-1-20-0.2-10,200,10,1,20,0.2,10,212,672,0.4,140,0.0,1.3,39.382690,39.383,844,384,460,0.2,36,0.0,1.4,39.382690,39.383,691,319,372,0.3,28,0.0,0.7,39.382690,39.383,1132,358,342,432,0.3,13,0.0,0.6,39.382690,39.383,1047,334,305,408
7-1-20-0.2-50,200,10,1,20,0.2,50,212,672,0.1,1,0.0,0.0,38.963251,38.963,568,282,286,0.1,4,0.0,0.0,38.963251,38.963,575,287,288,0.1,0,0.0,0.0,38.963251,38.963,701,278,273,150,0.1,0,0.0,0.0,38.963251,38.963,679,275,276,128
7-1-20-0.2-90,200,10,1,20,0.2,90,212,672,0.1,6,0.0,0.4,30.404072,30.404,535,244,291,0.1,19,0.0,0.8,30.404072,30.404,528,242,286,0.1,0,0.0,0.0,30.404072,30.404,622,248,258,116,0.1,4,0.0,0.0,30.404072,30.404,623,247,260,116
7-2-20-0.01-10,200,10,2,20,0.01,10,220,664,0.5,227,0.0,1.7,40.864802,40.865,869,419,450,0.5,170,0.0,1.4,40.864802,40.865,843,362,481,0.2,31,0.0,1.4,40.864802,40.865,1148,367,309,472,0.3,36,0.0,1.1,40.864802,40.865,1141,374,325,442
7-2-20-0.01-50,200,10,2,20,0.01,50,220,664,0.1,15,0.0,0.5,40.678965,40.679,656,297,359,0.1,31,0.0,0.7,40.678965,40.679,651,307,344,0.1,0,0.0,0.0,40.678965,40.679,768,288,272,208,0.1,5,0.0,0.0,40.678965,40.679,763,281,278,204
7-2-20-0.01-90,200,10,2,20,0.01,90,220,664,0.1,0,0.0,0.0,32.134662,32.135,515,242,273,0.1,0,0.0,0.0,32.134662,32.135,506,243,263,0.1,0,0.0,0.0,32.134662,32.135,599,242,247,110,0.1,0,0.0,0.0,32.134662,32.135,601,241,250,110
7-2-20-0.1-10,200,10,2,20,0.1,10,220,664,0.4,175,0.0,1.7,40.500434,40.500,790,363,427,0.4,181,0.0,1.5,40.500434,40.500,731,343,388,0.3,55,0.0,1.1,40.500434,40.500,1191,377,316,498,0.3,30,0.0,1.1,40.500434,40.500,1086,358,338,390
7-2-20-0.1-50,200,10,2,20,0.1,50,220,664,0.1,21,0.0,0.3,40.355207,40.355,655,310,345,0.1,11,0.0,0.2,40.355207,40.355,628,294,334,0.1,0,0.0,0.0,40.355207,40.355,718,274,264,180,0.1,0,0.0,0.0,40.355207,40.355,723,273,282,168
7-2-20-0.1-90,200,10,2,20,0.1,90,220,664,0.1,8,0.0,0.0,31.601110,31.601,495,236,259,0.1,8,0.0,0.2,31.601110,31.601,495,236,259,0.0,0,0.0,0.0,31.601110,31.601,574,235,243,96,0.1,0,0.0,0.0,31.601110,31.601,570,233,241,96
7-2-20-0.2-10,200,10,2,20,0.2,10,220,664,0.4,174,0.0,1.6,40.153967,40.154,768,366,402,0.4,163,0.0,1.2,40.153967,40.154,755,365,390,0.8,44,0.0,1.1,40.153967,40.154,1233,361,322,550,0.3,25,0.0,0.9,40.153967,40.154,1049,349,314,386
7-2-20-0.2-50,200,10,2,20,0.2,50,220,664,0.1,11,0.0,0.1,39.995476,39.995,576,277,299,0.1,5,0.0,0.2,39.995476,39.995,550,271,279,0.1,0,0.0,0.0,39.995476,39.995,678,271,271,136,0.0,0,0.0,0.0,39.995476,39.995,671,271,266,134
7-2-20-0.2-90,200,10,2,20,0.2,90,220,664,0.1,23,0.0,0.3,31.082156,31.082,580,269,311,0.1,21,0.0,0.3,31.082156,31.082,602,267,335,0.1,0,0.0,0.0,31.082156,31.082,680,267,249,164,0.1,0,0.0,0.0,31.082156,31.082,729,260,281,188
8-1-20-0.01-10,200,20,1,20,0.01,10,208,488,0.1,23,0.0,0.1,58.599064,58.599,651,306,345,0.2,14,0.0,0.1,58.599064,58.599,695,310,385,0.1,3,0.0,0.0,58.599064,58.599,772,294,292,186,0.1,2,0.0,0.0,58.599064,58.599,744,280,296,168
8-1-20-0.01-50,200,20,1,20,0.01,50,208,488,0.1,15,0.0,0.2,50.342134,50.342,656,287,369,0.1,12,0.0,0.2,50.342134,50.342,618,275,343,0.1,0,0.0,0.0,50.342134,50.342,760,282,286,192,0.1,0,0.0,0.0,50.342134,50.342,756,276,310,170
8-1-20-0.01-90,200,20,1,20,0.01,90,208,488,0.6,500,0.0,0.1,35.046217,35.046,527,257,270,0.4,355,0.0,0.1,35.046217,35.046,514,252,262,0.1,3,0.0,0.0,35.046217,35.046,567,248,243,76,0.1,12,0.0,0.1,35.046217,35.046,551,251,236,64
8-1-20-0.1-10,200,20,1,20,0.1,10,208,488,0.1,9,0.0,0.1,58.152986,58.153,662,318,344,0.1,10,0.0,0.2,58.152986,58.153,626,290,336,0.1,0,0.0,0.0,58.152986,58.153,713,287,284,142,0.0,0,0.0,0.0,58.152986,58.153,672,275,289,108
8-1-20-0.1-50,200,20,1,20,0.1,50,208,488,0.1,14,0.0,0.0,49.832668,49.833,610,279,331,0.2,74,0.0,0.3,49.832668,49.833,630,282,348,0.1,3,0.0,0.0,49.832668,49.833,736,278,294,164,0.1,8,0.0,0.0,49.832668,49.833,717,278,287,152
8-1-20-0.1-90,200,20,1,20,0.1,90,208,488,0.4,301,0.0,0.1,34.850736,34.851,507,257,250,0.2,124,0.0,0.3,34.850736,34.851,507,251,256,0.2,13,0.0,0.1,34.850736,34.851,605,252,239,114,0.1,23,0.0,0.1,34.850736,34.851,557,251,236,70
8-1-20-0.2-10,200,20,1,20,0.2,10,208,488,0.1,6,0.0,0.1,57.666461,57.666,660,314,346,0.1,15,0.0,0.1,57.666461,57.666,629,292,337,0.1,0,0.0,0.0,57.666461,57.666,746,303,289,154,0.1,0,0.0,0.0,57.666461,57.666,705,290,295,120
8-1-20-0.2-50,200,20,1,20,0.2,50,208,488,0.2,67,0.0,0.1,49.282195,49.282,659,286,373,0.2,50,0.0,0.2,49.282195,49.282,652,293,359,0.1,3,0.0,0.0,49.282195,49.282,766,283,295,188,0.1,17,0.0,0.1,49.282195,49.282,765,287,310,168
8-1-20-0.2-90,200,20,1,20,0.2,90,208,488,1.0,1053,0.0,0.6,34.656785,34.657,525,267,258,0.6,539,0.0,0.4,34.656785,34.657,527,262,265,0.1,14,0.0,0.0,34.656785,34.657,592,263,237,92,0.1,17,0.0,0.0,34.656785,34.657,581,264,237,80
8-2-20-0.01-10,200,20,2,20,0.01,10,222,474,0.1,20,0.0,0.4,59.280730,59.281,672,322,350,0.2,34,0.0,0.2,59.280730,59.281,694,324,370,0.1,17,0.0,0.1,59.280730,59.281,878,317,293,268,0.1,6,0.0,0.0,59.280730,59.281,895,307,284,304
8-2-20-0.01-50,200,20,2,20,0.01,50,222,474,1.0,923,0.0,0.8,52.813211,52.813,716,322,394,0.5,370,0.0,0.6,52.813211,52.813,650,282,368,0.1,9,0.0,0.1,52.813211,52.813,842,285,313,244,0.1,3,0.0,0.0,52.813211,52.813,721,270,285,166
8-2-20-0.01-90,200,20,2,20,0.01,90,222,474,0.1,0,0.0,0.0,39.727547,39.728,521,263,258,0.1,0,0.0,0.0,39.727547,39.728,519,264,255,0.1,0,0.0,0.0,39.727547,39.728,564,263,239,62,0.1,0,0.0,0.0,39.727547,39.728,564,266,242,56
8-2-20-0.1-10,200,20,2,20,0.1,10,222,474,0.2,33,0.0,0.3,58.922407,58.922,646,314,332,0.1,19,0.0,0.1,58.922407,58.922,656,306,350,0.1,6,0.0,0.0,58.922407,58.922,964,335,287,342,0.1,0,0.0,0.0,58.922407,58.922,849,309,284,256
8-2-20-0.1-50,200,20,2,20,0.1,50,222,474,1.2,1208,0.0,0.7,52.371129,52.371,685,305,380,0.7,510,0.0,0.6,52.371129,52.371,633,292,341,0.1,4,0.0,0.0,52.371129,52.371,739,287,290,162,0.1,3,0.0,0.0,52.371129,52.371,742,286,290,166
8-2-20-0.1-90,200,20,2,20,0.1,90,222,474,0.1,59,0.0,1.1,39.687840,39.688,532,269,263,0.1,0,0.0,0.0,39.687840,39.688,523,267,256,0.0,0,0.0,0.0,39.687840,39.688,566,264,240,62,0.1,0,0.0,0.0,39.687840,39.688,554,264,240,50
8-2-20-0.2-10,200,20,2,20,0.2,10,222,474,0.1,7,0.0,0.0,58.604756,58.605,590,294,296,0.1,3,0.0,0.0,58.604756,58.605,604,293,311,0.1,0,0.0,0.0,58.604756,58.605,767,279,274,214,0.1,0,0.0,0.0,58.604756,58.605,780,288,276,216
8-2-20-0.2-50,200,20,2,20,0.2,50,222,474,1.5,1580,0.0,0.6,51.973867,51.974,649,283,366,0.2,91,0.0,0.3,51.973867,51.974,584,269,315,0.1,0,0.0,0.0,51.973867,51.974,728,277,289,162,0.1,0,0.0,0.0,51.973867,51.974,682,260,276,146
8-2-20-0.2-90,200,20,2,20,0.2,90,222,474,0.1,10,0.0,0.3,39.658821,39.659,523,266,257,0.1,0,0.0,0.0,39.658821,39.659,515,265,250,0.0,0,0.0,0.0,39.658821,39.659,528,263,231,34,0.0,0,0.0,0.0,39.658821,39.659,528,263,231,34
9-1-20-0.01-10,200,40,1,20,0.01,10,214,590,4.0,1428,0.0,1.3,94.505690,94.506,1186,510,676,3.4,1238,0.0,1.0,94.505690,94.506,1090,455,635,0.6,137,0.0,0.2,94.505690,94.506,1518,404,380,734,0.5,145,0.0,0.3,94.505690,94.506,1305,369,370,566
9-1-20-0.01-50,200,40,1,20,0.01,50,214,590,2.8,1509,0.0,1.1,84.519440,84.519,962,375,587,1.8,976,0.0,0.7,84.519440,84.519,822,333,489,0.3,87,0.0,0.2,84.519440,84.519,1108,319,377,412,0.2,35,0.0,0.2,84.519440,84.519,982,298,366,318
9-1-20-0.01-90,200,40,1,20,0.01,90,214,590,2.1,1105,0.0,1.1,59.134807,59.135,641,299,342,1.4,617,0.0,0.9,59.134807,59.135,624,288,336,0.6,204,0.0,0.3,59.134807,59.135,961,300,285,376,0.5,204,0.0,0.3,59.134807,59.135,888,295,281,312
9-1-20-0.1-10,200,40,1,20,0.1,10,214,590,3.7,1976,0.0,0.9,93.540584,93.541,1030,458,572,2.1,981,0.0,1.0,93.540584,93.541,901,393,508,0.3,28,0.0,0.1,93.540584,93.541,1417,411,360,646,0.2,16,0.0,0.1,93.540584,93.541,1295,381,366,548
9-1-20-0.1-50,200,40,1,20,0.1,50,214,590,1.1,749,0.0,0.9,83.642869,83.643,850,343,507,2.3,1497,0.0,0.7,83.642869,83.643,779,333,446,0.2,26,0.0,0.2,83.642869,83.643,963,313,332,318,0.2,30,0.0,0.2,83.642869,83.643,872,289,333,250
9-1-20-0.1-90,200,40,1,20,0.1,90,214,590,1.1,566,0.0,0.6,58.859597,58.860,613,304,309,1.7,1073,0.0,0.5,58.859597,58.860,611,296,315,0.2,38,0.0,0.0,58.859597,58.860,773,280,267,226,0.1,22,0.0,0.0,58.859597,58.860,790,283,281,226
9-1-20-0.2-10,200,40,1,20,0.2,10,214,590,3.8,2764,0.0,0.7,92.492960,92.493,963,434,529,2.1,978,0.0,0.7,92.492960,92.493,885,379,506,0.2,8,0.0,0.0,92.492960,92.493,1213,372,325,516,0.1,6,0.0,0.0,92.492960,92.493,1034,330,324,380
9-1-20-0.2-50,200,40,1,20,0.2,50,214,590,1.1,906,0.0,0.7,82.750890,82.751,825,372,453,1.4,1067,0.0,0.5,82.750890,82.751,772,345,427,0.1,11,0.0,0.1,82.750890,82.751,927,324,303,300,0.1,8,0.0,0.1,82.750890,82.751,908,309,319,280
9-1-20-0.2-90,200,40,1,20,0.2,90,214,590,1.5,978,0.0,0.3,58.650130,58.650,604,316,288,1.6,967,0.0,0.2,58.650130,58.650,587,316,271,0.1,25,0.0,0.0,58.650130,58.650,737,290,247,200,0.1,13,0.0,0.0,58.650130,58.650,749,291,244,214
9-2-20-0.01-10,200,40,2,20,0.01,10,228,576,2.9,1071,0.0,1.6,96.657542,96.658,1077,467,610,2.9,1526,0.0,1.3,96.657542,96.658,947,406,541,0.2,16,0.0,0.1,96.657542,96.658,1290,383,321,586,0.2,12,0.0,0.1,96.657542,96.658,1181,354,343,484
9-2-20-0.01-50,200,40,2,20,0.01,50,228,576,2.6,1225,0.0,1.5,86.858861,86.859,940,375,565,2.1,1553,0.0,1.2,86.858861,86.859,806,331,475,0.2,39,0.0,0.2,86.858861,86.859,1093,333,308,452,0.3,54,0.0,0.2,86.858861,86.859,1040,310,336,394
9-2-20-0.01-90,200,40,2,20,0.01,90,228,576,1.5,610,0.0,1.3,63.842828,63.843,772,359,413,1.1,498,0.0,1.2,63.842828,63.843,662,319,343,0.4,123,0.0,0.2,63.842828,63.843,1013,330,269,414,1.9,978,0.0,0.2,63.842828,63.843,962,317,261,384
9-2-20-0.1-10,200,40,2,20,0.1,10,228,576,3.2,2225,0.0,1.0,95.771865,95.772,993,459,534,2.8,1491,0.0,0.7,95.771865,95.772,948,418,530,0.1,4,0.0,0.0,95.771865,95.772,1124,358,324,442,0.2,5,0.0,0.0,95.771865,95.772,1015,328,333,354
9-2-20-0.1-50,200,40,2,20,0.1,50,228,576,2.1,1012,0.0,0.9,86.080382,86.080,916,383,533,1.3,529,0.0,1.0,86.080382,86.080,838,344,494,0.3,81,0.0,0.2,86.080382,86.080,982,325,303,354,0.2,27,0.0,0.2,86.080382,86.080,980,313,311,356
9-2-20-0.1-90,200,40,2,20,0.1,90,228,576,1.2,490,0.0,0.9,63.721395,63.721,613,318,295,1.1,510,0.0,1.1,63.721395,63.721,652,313,339,0.2,25,0.0,0.0,63.721395,63.721,802,297,245,260,0.2,51,0.0,0.0,63.721395,63.721,800,296,246,258
9-2-20-0.2-10,200,40,2,20,0.2,10,228,576,2.6,1833,0.0,0.7,94.787780,94.788,915,424,491,2.1,1020,0.0,0.7,94.787780,94.788,918,399,519,0.2,8,0.0,0.0,94.787780,94.788,1002,357,307,338,0.1,4,0.0,0.0,94.787780,94.788,933,328,327,278
9-2-20-0.2-50,200,40,2,20,0.2,50,228,576,1.5,536,0.0,0.9,85.340490,85.340,839,354,485,1.9,981,0.0,0.7,85.340490,85.340,850,365,485,0.2,26,0.0,0.2,85.340490,85.340,939,323,296,320,0.1,24,0.0,0.2,85.340490,85.340,876,323,289,264
9-2-20-0.2-90,200,40,2,20,0.2,90,228,576,0.7,482,0.0,0.2,63.595483,63.595,591,318,273,0.9,485,0.0,0.3,63.595483,63.595,584,315,269,0.1,0,0.0,0.0,63.595483,63.595,729,298,239,192,0.1,0,0.0,0.0,63.595483,63.595,730,297,239,194
10-1-20-0.01-10,200,67,1,20,0.01,10,214,1014,17.5,9389,0.0,1.1,143.279687,143.280,1765,726,1039,13.9,7460,0.0,1.0,143.279687,143.280,1494,582,912,7.4,1791,0.0,0.6,143.279687,143.280,3302,621,645,2036,4.6,932,0.0,0.5,143.279687,143.280,2582,509,659,1414
10-1-20-0.01-50,200,67,1,20,0.01,50,214,1014,2.8,832,0.0,0.7,134.676138,134.676,1080,413,667,2.6,638,0.0,0.6,134.676138,134.676,1096,443,653,3.7,1559,0.0,0.2,134.676138,134.676,1410,363,437,610,2.7,1067,0.0,0.2,134.676138,134.676,1030,317,397,316
10-1-20-0.01-90,200,67,1,20,0.01,90,214,1014,2.7,1051,0.0,0.5,105.911306,105.911,792,336,456,1.7,593,0.0,0.5,105.911306,105.911,779,349,430,1.4,477,0.0,0.1,105.911306,105.911,1262,284,278,700,2.8,1438,0.0,0.1,105.911306,105.911,1402,312,290,800
10-1-20-0.1-10,200,67,1,20,0.1,10,214,1014,11.6,5517,0.0,1.0,140.528115,140.528,1429,579,850,3.8,1316,0.0,0.8,140.528115,140.528,1193,483,710,4.7,1350,0.0,0.4,140.528115,140.528,2474,525,513,1436,6.1,3015,0.0,0.3,140.528115,140.528,2047,472,497,1078
10-1-20-0.1-50,200,67,1,20,0.1,50,214,1014,2.3,1029,0.0,0.4,132.104533,132.105,1054,385,669,1.4,512,0.0,0.3,132.104533,132.105,1002,362,640,4.1,2149,0.0,0.1,132.104533,132.105,1300,361,421,518,1.8,512,0.0,0.1,132.104533,132.105,1256,358,424,474
10-1-20-0.1-90,200,67,1,20,0.1,90,214,1014,1.8,767,0.0,0.4,104.169361,104.169,694,321,373,1.6,557,0.0,0.4,104.169361,104.169,738,331,407,0.7,225,0.0,0.1,104.169361,104.169,1220,300,290,630,0.7,167,0.0,0.1,104.169361,104.169,1295,304,303,688
10-1-20-0.2-10,200,67,1,20,0.2,10,214,1014,5.8,2033,0.0,0.9,137.759237,137.759,1299,526,773,3.8,1127,0.0,0.6,137.759237,137.759,1115,426,689,2.8,887,0.0,0.2,137.759237,137.759,2068,491,459,1118,5.2,1862,0.0,0.2,137.759237,137.759,1890,433,451,1006
10-1-20-0.2-50,200,67,1,20,0.2,50,214,1014,2.9,1168,0.0,0.6,129.284700,129.285,1068,386,682,2.5,1041,0.0,0.5,129.284700,129.285,1014,374,640,3.6,1604,0.0,0.1,129.284700,129.285,1291,364,407,520,0.5,99,0.0,0.1,129.284700,129.285,1265,360,401,504
10-1-20-0.2-90,200,67,1,20,0.2,90,214,1014,1.9,767,0.0,0.6,102.245536,102.246,797,345,452,3.5,1629,0.0,0.6,102.245631,102.246,819,340,479,0.9,284,0.0,0.2,102.245536,102.246,1363,327,314,722,1.3,468,0.0,0.3,102.245536,102.246,1393,327,306,760
10-2-20-0.01-10,200,67,2,20,0.01,10,246,982,28.2,15509,0.0,1.5,146.111648,146.112,1696,754,942,4.2,1307,0.0,1.2,146.111648,146.112,1373,530,843,6.5,1870,0.0,0.6,146.111648,146.112,3327,613,606,2108,5.4,1292,0.0,0.5,146.111648,146.112,2404,483,599,1322
10-2-20-0.01-50,200,67,2,20,0.01,50,246,982,3.1,911,0.0,0.9,138.657593,138.658,1409,609,800,1.6,525,0.0,0.6,138.657593,138.658,1086,414,672,3.9,1515,0.0,0.3,138.657593,138.658,1791,405,466,920,1.2,347,0.0,0.3,138.657593,138.658,1379,362,417,600
10-2-20-0.01-90,200,67,2,20,0.01,90,246,982,2.4,945,0.0,0.6,114.205787,114.206,738,341,397,1.6,547,0.0,0.6,114.205787,114.206,714,311,403,1.2,473,0.0,0.1,114.205787,114.206,1336,319,279,738,1.4,609,0.0,0.1,114.205787,114.206,1210,302,280,628
10-2-20-0.1-10,200,67,2,20,0.1,10,246,982,15.3,7587,0.0,1.3,143.583147,143.583,1451,540,911,5.5,2228,0.0,1.1,143.583147,143.583,1246,449,797,6.6,1991,0.0,0.4,143.583147,143.583,2911,532,531,1848,9.5,4768,0.0,0.4,143.583147,143.583,2167,469,518,1180
10-2-20-0.1-50,200,67,2,20,0.1,50,246,982,2.9,1186,0.0,0.6,136.320858,136.321,1102,442,660,1.9,649,0.0,0.5,136.320858,136.321,1016,385,631,4.5,2096,0.0,0.1,136.320858,136.321,1486,383,415,688,2.6,1575,0.0,0.1,136.320858,136.321,1292,360,388,544
10-2-20-0.1-90,200,67,2,20,0.1,90,246,982,1.7,644,0.0,0.6,112.562482,112.562,699,321,378,2.5,1193,0.0,0.6,112.562482,112.562,732,323,409,0.7,217,0.0,0.1,112.562482,112.562,1130,296,274,560,0.4,73,0.0,0.1,112.562482,112.562,1126,295,273,558
10-2-20-0.2-10,200,67,2,20,0.2,10,246,982,9.2,4532,0.0,1.0,141.144226,141.144,1286,530,756,5.5,2234,0.0,0.9,141.144226,141.144,1213,475,738,2.2,640,0.0,0.2,141.144226,141.144,1958,471,401,1086,2.3,785,0.0,0.3,141.144226,141.144,1750,411,413,926
10-2-20-0.2-50,200,67,2,20,0.2,50,246,982,3.5,1264,0.0,0.7,133.919881,133.920,1107,421,686,1.8,553,0.0,0.6,133.919881,133.920,1069,399,670,4.9,2235,0.0,0.1,133.919881,133.920,1585,396,447,742,1.9,638,0.0,0.1,133.919881,133.920,1437,382,479,576
10-2-20-0.2-90,200,67,2,20,0.2,90,246,982,1.8,707,0.0,0.7,110.821658,110.822,794,340,454,1.8,591,0.0,0.7,110.821658,110.822,825,341,484,0.9,250,0.0,0.3,110.821658,110.822,1358,313,315,730,1.8,653,0.0,0.2,110.821753,110.822,1308,306,322,680
11-1-20-0.01-10,300,5,1,20,0.01,10,350,2542,0.4,45,0.0,0.7,57.662511,57.663,1189,535,654,0.3,35,0.0,0.7,57.662511,57.663,1109,497,612,0.3,1,0.0,0.0,57.662511,57.663,1504,468,516,520,0.3,7,0.0,0.1,57.662511,57.663,1245,430,492,323
11-1-20-0.01-50,300,5,1,20,0.01,50,350,2542,0.3,30,0.0,0.9,54.750714,54.751,1054,469,585,0.3,27,0.0,0.7,54.750714,54.751,1120,506,614,0.3,15,0.0,0.4,54.750714,54.751,1259,458,485,316,0.3,9,0.0,0.3,54.750714,54.751,1227,455,456,316
11-1-20-0.01-90,300,5,1,20,0.01,90,350,2542,0.1,0,0.0,0.0,50.124202,50.124,682,309,373,0.1,0,0.0,0.0,50.124202,50.124,682,309,373,0.1,0,0.0,0.0,50.124202,50.124,800,309,373,118,0.1,0,0.0,0.0,50.124202,50.124,800,309,373,118
11-1-20-0.1-10,300,5,1,20,0.1,10,350,2542,0.3,43,0.0,1.0,56.984725,56.985,1071,511,560,0.3,35,0.0,1.0,56.984725,56.985,1030,457,573,0.2,0,0.0,0.0,56.984725,56.985,1241,430,430,381,0.2,0,0.0,0.0,56.984725,56.985,1196,417,457,322
11-1-20-0.1-50,300,5,1,20,0.1,50,350,2542,0.2,15,0.0,0.9,53.964286,53.964,992,478,514,0.2,25,0.0,0.7,53.964286,53.964,984,450,534,0.2,5,0.0,0.1,53.964286,53.964,1214,445,400,369,0.2,1,0.0,0.0,53.964286,53.964,1171,427,387,357
11-1-20-0.1-90,300,5,1,20,0.1,90,350,2542,0.1,0,0.0,0.0,48.616591,48.617,751,331,420,0.1,0,0.0,0.0,48.616591,48.617,751,331,420,0.1,0,0.0,0.0,48.616591,48.617,875,329,396,150,0.1,0,0.0,0.0,48.616591,48.617,873,329,396,148
11-1-20-0.2-10,300,5,1,20,0.2,10,350,2542,0.3,38,0.0,0.9,56.231629,56.232,986,477,509,0.2,17,0.0,0.7,56.231629,56.232,968,436,532,0.2,0,0.0,0.0,56.231629,56.232,1148,405,442,301,0.2,0,0.0,0.0,56.231629,56.232,1159,422,442,295
11-1-20-0.2-50,300,5,1,20,0.2,50,350,2542,0.2,27,0.0,0.7,53.201092,53.201,918,446,472,0.2,17,0.0,0.7,53.201092,53.201,910,451,459,0.2,0,0.0,0.0,53.201092,53.201,1201,443,403,355,0.2,0,0.0,0.0,53.201092,53.201,1145,425,396,324
11-1-20-0.2-90,300,5,1,20,0.2,90,350,2542,0.1,3,0.0,0.0,46.961338,46.961,744,318,426,0.2,3,0.0,0.0,46.961338,46.961,773,318,455,0.1,3,0.0,0.0,46.961338,46.961,845,318,383,144,0.2,3,0.0,0.0,46.961338,46.961,845,318,383,144
11-2-20-0.01-10,300,5,2,20,0.01,10,390,2502,0.4,37,0.0,1.3,58.080063,58.080,1168,523,645,0.3,30,0.0,0.9,58.080063,58.080,1099,487,612,0.4,4,0.0,0.0,58.080063,58.080,1344,451,475,418,0.3,3,0.0,0.0,58.080063,58.080,1305,448,459,398
11-2-20-0.01-50,300,5,2,20,0.01,50,390,2502,0.3,40,0.0,0.9,54.750714,54.751,1139,524,615,0.3,25,0.0,1.0,54.750714,54.751,1152,518,634,0.3,10,0.0,0.3,54.750714,54.751,1248,451,484,313,0.3,10,0.0,0.2,54.750714,54.751,1223,447,494,282
11-2-20-0.01-90,300,5,2,20,0.01,90,390,2502,0.0,0,0.0,0.0,50.699464,50.699,680,308,372,0.1,0,0.0,0.0,50.699464,50.699,680,308,372,0.1,0,0.0,0.0,50.699464,50.699,796,308,372,116,0.1,0,0.0,0.0,50.699464,50.699,796,308,372,116
11-2-20-0.1-10,300,5,2,20,0.1,10,390,2502,0.3,52,0.0,1.4,57.433184,57.433,1077,478,599,0.3,35,0.0,0.8,57.433184,57.433,952,442,510,0.2,0,0.0,0.0,57.433184,57.433,1221,437,417,367,0.1,0,0.0,0.0,57.433184,57.433,1115,415,420,280
11-2-20-0.1-50,300,5,2,20,0.1,50,390,2502,0.2,17,0.0,0.6,53.964286,53.964,1005,440,565,0.2,17,0.0,0.9,53.964286,53.964,938,423,515,0.2,5,0.0,0.1,53.964286,53.964,1244,466,402,376,0.2,2,0.0,0.0,53.964286,53.964,1146,432,387,327
11-2-20-0.1-90,300,5,2,20,0.1,90,390,2502,0.1,0,0.0,0.0,49.191853,49.192,727,328,399,0.1,0,0.0,0.0,49.191853,49.192,727,328,399,0.1,0,0.0,0.0,49.191853,49.192,875,328,395,152,0.1,0,0.0,0.0,49.191853,49.192,877,328,395,154
11-2-20-0.2-10,300,5,2,20,0.2,10,390,2502,0.2,23,0.0,0.8,56.714429,56.714,967,452,515,0.2,16,0.0,0.7,56.714429,56.714,917,423,494,0.1,0,0.0,0.0,56.714429,56.714,1132,423,423,286,0.1,0,0.0,0.0,56.714429,56.714,1152,411,425,316
11-2-20-0.2-50,300,5,2,20,0.2,50,390,2502,0.2,19,0.0,0.6,53.201092,53.201,931,446,485,0.2,17,0.0,0.9,53.201092,53.201,911,432,479,0.2,0,0.0,0.0,53.201092,53.201,1201,441,415,345,0.2,0,0.0,0.0,53.201092,53.201,1208,445,395,368
11-2-20-0.2-90,300,5,2,20,0.2,90,390,2502,0.1,3,0.0,0.0,47.536600,47.537,742,317,425,0.1,3,0.0,0.0,47.536600,47.537,771,317,454,0.2,3,0.0,0.0,47.536600,47.537,825,317,382,126,0.2,3,0.0,0.0,47.536600,47.537,825,317,382,126
12-1-20-0.01-10,300,10,1,20,0.01,10,336,1792,0.7,122,0.0,0.5,68.165912,68.166,1301,571,730,0.5,35,0.0,0.3,68.165912,68.166,1242,578,664,0.2,0,0.0,0.0,68.165912,68.166,1304,429,475,400,0.2,0,0.0,0.0,68.165912,68.166,1259,428,475,356
12-1-20-0.01-50,300,10,1,20,0.01,50,336,1792,0.4,101,0.0,0.7,56.800388,56.800,1115,497,618,0.4,89,0.0,1.1,56.800388,56.800,1085,471,614,0.3,24,0.0,0.3,56.800388,56.800,1294,447,449,398,0.3,15,0.0,0.3,56.800388,56.800,1351,479,444,428
12-1-20-0.01-90,300,10,1,20,0.01,90,336,1792,0.1,0,0.0,0.0,44.292502,44.293,847,384,463,0.1,0,0.0,0.0,44.292502,44.293,834,372,462,0.1,0,0.0,0.0,44.292502,44.293,1055,382,393,280,0.1,0,0.0,0.0,44.292502,44.293,1044,383,417,244
12-1-20-0.1-10,300,10,1,20,0.1,10,336,1792,0.4,58,0.0,0.6,67.526346,67.526,1124,468,656,0.4,45,0.0,0.6,67.526346,67.526,1076,463,613,0.4,8,0.0,0.0,67.526346,67.526,1463,471,466,526,0.3,5,0.0,0.1,67.526346,67.526,1478,492,454,532
12-1-20-0.1-50,300,10,1,20,0.1,50,336,1792,0.4,80,0.0,0.8,56.501436,56.501,1067,486,581,0.3,37,0.0,0.5,56.501436,56.501,979,435,544,0.3,12,0.0,0.2,56.501436,56.501,1301,442,461,398,0.3,13,0.0,0.2,56.501436,56.501,1266,448,444,374
12-1-20-0.1-90,300,10,1,20,0.1,90,336,1792,0.1,0,0.0,0.0,43.786853,43.787,813,368,445,0.1,0,0.0,0.0,43.786853,43.787,793,370,423,0.1,0,0.0,0.0,43.786853,43.787,990,369,425,196,0.1,0,0.0,0.0,43.786853,43.787,978,368,412,198
12-1-20-0.2-10,300,10,1,20,0.2,10,336,1792,0.4,39,0.0,0.5,67.114994,67.115,1221,508,713,0.4,60,0.0,0.5,67.114994,67.115,1153,474,679,0.3,4,0.0,0.0,67.114994,67.115,1327,472,455,400,0.3,0,0.0,0.0,67.114994,67.115,1447,472,567,408
12-1-20-0.2-50,300,10,1,20,0.2,50,336,1792,0.4,75,0.0,0.7,56.210262,56.210,1053,475,578,0.2,29,0.0,0.5,56.210262,56.210,1047,463,584,0.2,8,0.0,0.1,56.210262,56.210,1242,447,471,324,0.3,9,0.0,0.2,56.210262,56.210,1256,450,466,340
12-1-20-0.2-90,300,10,1,20,0.2,90,336,1792,0.1,0,0.0,0.0,43.490750,43.491,808,365,443,0.1,0,0.0,0.0,43.490750,43.491,794,365,429,0.1,0,0.0,0.0,43.490750,43.491,913,365,414,134,0.1,0,0.0,0.0,43.490750,43.491,937,365,412,160
12-2-20-0.01-10,300,10,2,20,0.01,10,356,1772,0.5,101,0.0,0.9,68.402789,68.403,1140,489,651,0.5,117,0.0,0.9,68.402789,68.403,1149,497,652,0.4,13,0.0,0.1,68.402789,68.403,1441,474,473,494,0.6,10,0.0,0.2,68.402789,68.403,1527,481,496,550
12-2-20-0.01-50,300,10,2,20,0.01,50,356,1772,0.5,123,0.0,1.0,56.853555,56.854,1112,498,614,0.8,250,0.0,1.2,56.853555,56.854,1170,526,644,0.4,27,0.0,0.6,56.853555,56.854,1431,475,498,458,0.3,23,0.0,0.5,56.853555,56.854,1330,438,518,374
12-2-20-0.01-90,300,10,2,20,0.01,90,356,1772,0.1,0,0.0,0.0,44.858650,44.859,773,353,420,0.1,0,0.0,0.0,44.858650,44.859,773,353,420,0.1,0,0.0,0.0,44.858650,44.859,915,360,395,160,0.1,0,0.0,0.0,44.858650,44.859,949,374,395,180
12-2-20-0.1-10,300,10,2,20,0.1,10,356,1772,0.4,50,0.0,0.4,68.058356,68.058,1194,473,721,0.5,51,0.0,0.4,68.058356,68.058,1145,479,666,0.3,7,0.0,0.1,68.058356,68.058,1395,469,458,468,0.3,5,0.0,0.1,68.058356,68.058,1429,466,473,490
12-2-20-0.1-50,300,10,2,20,0.1,50,356,1772,0.6,159,0.0,1.2,56.501436,56.501,1149,514,635,0.5,126,0.0,1.2,56.501436,56.501,1071,472,599,0.3,25,0.0,0.6,56.501436,56.501,1445,486,509,450,0.3,17,0.0,0.6,56.501436,56.501,1356,457,481,418
12-2-20-0.1-90,300,10,2,20,0.1,90,356,1772,0.1,0,0.0,0.0,44.623324,44.623,746,347,399,0.1,0,0.0,0.0,44.623324,44.623,748,351,397,0.1,0,0.0,0.0,44.623324,44.623,835,347,390,98,0.1,0,0.0,0.0,44.623324,44.623,835,347,390,98
12-2-20-0.2-10,300,10,2,20,0.2,10,356,1772,0.3,13,0.0,0.3,67.727201,67.727,1058,471,587,0.3,14,0.0,0.2,67.727201,67.727,1061,472,589,0.3,6,0.0,0.0,67.727201,67.727,1306,461,475,370,0.2,3,0.0,0.0,67.727201,67.727,1305,448,467,390
12-2-20-0.2-50,300,10,2,20,0.2,50,356,1772,0.5,126,0.0,1.0,56.293457,56.293,1109,507,602,0.4,94,0.0,0.9,56.293457,56.293,1113,485,628,0.3,22,0.0,0.5,56.293457,56.293,1306,482,474,350,0.3,17,0.0,0.3,56.293457,56.293,1271,459,494,318
12-2-20-0.2-90,300,10,2,20,0.2,90,356,1772,0.1,0,0.0,0.0,44.499179,44.499,765,362,403,0.1,0,0.0,0.0,44.499179,44.499,735,347,388,0.1,0,0.0,0.0,44.499179,44.499,839,347,394,98,0.1,0,0.0,0.0,44.499179,44.499,825,347,388,90
13-1-20-0.01-10,300,30,1,20,0.01,10,334,2170,22.0,5135,0.0,1.5,132.249665,132.250,2290,994,1296,11.3,2449,0.0,1.1,132.249665,132.250,2369,912,1457,4.3,413,0.0,0.5,132.249665,132.250,3356,838,736,1782,3.9,486,0.0,0.4,132.249665,132.250,2834,715,753,1366
13-1-20-0.01-50,300,30,1,20,0.01,50,334,2170,11.3,2802,0.0,1.6,123.324803,123.325,1979,708,1271,13.2,3943,0.0,1.4,123.324803,123.325,2010,731,1279,4.6,704,0.0,0.5,123.324803,123.325,2677,718,705,1254,6.2,1250,0.0,0.5,123.324803,123.325,2512,650,768,1094
13-1-20-0.01-90,300,30,1,20,0.01,90,334,2170,0.3,45,0.0,0.1,99.992460,99.992,1018,396,622,0.3,63,0.0,0.1,99.992460,99.992,925,366,559,0.3,22,0.0,0.1,99.992460,99.992,1167,365,544,258,0.3,17,0.0,0.0,99.992460,99.992,1149,378,493,278
13-1-20-0.1-10,300,30,1,20,0.1,10,334,2170,19.7,5680,0.0,1.3,129.566042,129.566,2228,903,1325,14.5,4319,0.0,1.0,129.566042,129.566,1958,814,1144,6.0,726,0.0,0.6,129.566042,129.566,3342,777,685,1880,6.9,983,0.0,0.5,129.566042,129.566,3164,797,711,1656
13-1-20-0.1-50,300,30,1,20,0.1,50,334,2170,9.3,2066,0.0,1.5,120.798008,120.798,2001,744,1257,6.5,1796,0.0,1.1,120.798008,120.798,1817,598,1219,1.9,259,0.0,0.5,120.798008,120.798,2604,684,690,1230,1.7,214,0.0,0.3,120.798008,120.798,2305,631,678,996
13-1-20-0.1-90,300,30,1,20,0.1,90,334,2170,0.3,61,0.0,0.1,97.129821,97.130,1144,418,726,0.2,15,0.0,0.1,97.129821,97.130,1080,386,694,0.3,15,0.0,0.0,97.129821,97.130,1300,388,540,372,0.3,11,0.0,0.1,97.129821,97.130,1238,385,541,312
13-1-20-0.2-10,300,30,1,20,0.2,10,334,2170,9.7,1903,0.0,1.0,126.912985,126.913,1952,821,1131,12.2,3221,0.0,0.8,126.912985,126.913,1673,694,979,3.1,336,0.0,0.4,126.912985,126.913,2694,702,666,1326,2.9,331,0.0,0.3,126.912985,126.913,2492,653,627,1212
13-1-20-0.2-50,300,30,1,20,0.2,50,334,2170,8.1,2637,0.0,1.0,118.131867,118.132,1867,727,1140,7.8,1998,0.0,0.8,118.131867,118.132,1828,664,1164,1.8,227,0.0,0.3,118.131867,118.132,2275,622,647,1006,1.6,185,0.0,0.4,118.131867,118.132,2248,598,654,996
13-1-20-0.2-90,300,30,1,20,0.2,90,334,2170,0.2,17,0.0,0.0,94.070496,94.070,1074,415,659,0.2,28,0.0,0.2,94.070496,94.070,1043,390,653,0.2,4,0.0,0.0,94.070496,94.070,1192,393,483,316,0.2,3,0.0,0.0,94.070496,94.070,1266,394,530,342
13-2-20-0.01-10,300,30,2,20,0.01,10,374,2130,14.2,2070,0.0,1.9,136.211453,136.211,2383,1002,1381,9.3,1526,0.0,1.3,136.211453,136.211,1997,773,1224,3.0,282,0.0,0.5,136.211453,136.211,3267,739,690,1838,1.7,152,0.0,0.3,136.211453,136.211,2803,678,883,1242
13-2-20-0.01-50,300,30,2,20,0.01,50,374,2130,7.6,1504,0.0,1.5,127.583980,127.584,2053,886,1167,7.3,1327,0.0,1.2,127.583980,127.584,1897,749,1148,1.8,267,0.0,0.4,127.583980,127.584,2681,613,680,1388,1.9,239,0.0,0.3,127.583980,127.584,2413,601,674,1138
13-2-20-0.01-90,300,30,2,20,0.01,90,374,2130,0.4,93,0.0,0.2,101.906574,101.907,1120,445,675,0.3,48,0.0,0.2,101.906574,101.907,1108,416,692,0.3,24,0.0,0.0,101.906574,101.907,1205,381,556,268,0.3,16,0.0,0.0,101.906574,101.907,1102,376,536,190
13-2-20-0.1-10,300,30,2,20,0.1,10,374,2130,10.3,1543,0.0,1.3,133.836687,133.837,2177,854,1323,8.2,1415,0.0,1.2,133.836687,133.837,1867,743,1124,2.2,185,0.0,0.3,133.836687,133.837,2864,685,685,1494,2.0,228,0.0,0.3,133.836687,133.837,2491,623,682,1186
13-2-20-0.1-50,300,30,2,20,0.1,50,374,2130,8.8,1890,0.0,1.4,125.217320,125.217,1841,710,1131,5.8,1342,0.0,1.2,125.217320,125.217,1718,645,1073,1.8,291,0.0,0.3,125.217320,125.217,2464,634,696,1134,1.4,203,0.0,0.3,125.217320,125.217,2267,597,636,1034
13-2-20-0.1-90,300,30,2,20,0.1,90,374,2130,0.4,92,0.0,0.2,99.261301,99.261,1140,461,679,0.5,111,0.0,0.3,99.261301,99.261,1179,453,726,0.4,33,0.0,0.1,99.261301,99.261,1414,425,547,442,0.5,33,0.0,0.1,99.261301,99.261,1482,474,546,462
13-2-20-0.2-10,300,30,2,20,0.2,10,374,2130,7.2,1290,0.0,1.3,131.428843,131.429,1842,767,1075,7.6,1362,0.0,1.1,131.428843,131.429,1728,688,1040,1.2,77,0.0,0.2,131.428843,131.429,2604,645,653,1306,1.1,79,0.0,0.2,131.428843,131.429,2417,602,693,1122
13-2-20-0.2-50,300,30,2,20,0.2,50,374,2130,7.4,2015,0.0,1.2,122.799629,122.800,1669,651,1018,5.0,1276,0.0,1.0,122.799629,122.800,1621,604,1017,1.0,98,0.0,0.2,122.799629,122.800,2354,628,638,1088,1.3,139,0.0,0.2,122.799629,122.800,2318,601,607,1110
13-2-20-0.2-90,300,30,2,20,0.2,90,374,2130,0.9,311,0.0,0.7,96.559718,96.560,1206,477,729,0.6,160,0.0,0.5,96.559718,96.560,1197,472,725,0.6,92,0.0,0.6,96.559718,96.560,1633,449,580,604,0.5,64,0.0,0.3,96.559718,96.560,1525,460,521,544
14-1-20-0.01-10,300,60,1,20,0.01,10,340,1748,999.0,199331,0.0,1.9,178.541455,178.541,2754,1295,1459,120.4,31012,0.0,1.8,178.541455,178.541,2364,1000,1364,31.8,2202,0.0,0.6,178.541455,178.541,6239,1129,960,4150,16.9,2160,0.0,0.6,178.541455,178.541,3981,822,861,2298
14-1-20-0.01-50,300,60,1,20,0.01,50,340,1748,35.2,10560,0.0,1.5,166.507547,166.508,2264,848,1416,11.4,2698,0.0,1.3,166.507547,166.508,2117,687,1430,3.1,394,0.0,0.5,166.507451,166.507,2838,623,807,1408,3.2,534,0.0,0.4,166.507547,166.508,2602,587,731,1284
14-1-20-0.01-90,300,60,1,20,0.01,90,340,1748,2.9,556,0.0,0.8,122.431582,122.432,1269,521,748,4.0,1147,0.0,0.6,122.431582,122.432,1248,499,749,4.1,1189,0.0,0.3,122.431582,122.432,2033,513,472,1048,1.3,265,0.0,0.3,122.431582,122.432,1717,481,510,726
14-1-20-0.1-10,300,60,1,20,0.1,10,340,1748,206.8,53888,0.0,1.8,175.052415,175.052,2626,1057,1569,55.8,12221,0.0,1.4,175.052415,175.052,2337,924,1413,33.1,2428,0.0,0.5,175.052415,175.052,5547,1013,950,3584,11.0,1179,0.0,0.5,175.052415,175.052,3772,825,785,2162
14-1-20-0.1-50,300,60,1,20,0.1,50,340,1748,13.9,3896,0.0,1.1,163.491628,163.492,2269,867,1402,6.8,1422,0.0,1.0,163.491628,163.492,2011,705,1306,2.7,377,0.0,0.4,163.491628,163.492,2747,614,783,1350,1.9,274,0.0,0.4,163.491628,163.492,2272,566,616,1090
14-1-20-0.1-90,300,60,1,20,0.1,90,340,1748,3.2,653,0.0,0.6,120.232256,120.232,1298,532,766,4.0,1048,0.0,0.4,120.232256,120.232,1226,518,708,3.1,893,0.0,0.2,120.232256,120.232,1815,500,475,840,2.8,656,0.0,0.2,120.232256,120.232,1805,491,476,838
14-1-20-0.2-10,300,60,1,20,0.2,10,340,1748,25.3,4498,0.0,1.5,171.468679,171.469,2665,1174,1491,21.6,4280,0.0,1.3,171.468679,171.469,2608,1107,1501,15.1,1440,0.0,0.4,171.468679,171.469,3987,850,773,2364,9.6,1027,0.0,0.3,171.468679,171.469,3632,788,728,2116
14-1-20-0.2-50,300,60,1,20,0.2,50,340,1748,7.9,1723,0.0,1.1,160.214581,160.215,1948,715,1233,4.9,791,0.0,1.0,160.214581,160.215,2056,703,1353,1.4,155,0.0,0.3,160.214581,160.215,2395,586,639,1170,1.9,256,0.0,0.3,160.214581,160.215,2222,555,707,960
14-1-20-0.2-90,300,60,1,20,0.2,90,340,1748,3.8,1026,0.0,0.5,118.069321,118.069,1214,550,664,3.2,760,0.0,0.5,118.069321,118.069,1206,530,676,1.4,252,0.0,0.2,118.069321,118.069,1752,517,465,770,2.6,679,0.0,0.1,118.069321,118.069,1779,509,476,794
14-2-20-0.01-10,300,60,2,20,0.01,10,374,1714,TL,797290,0.2,2.8,179.984352,180.307,3211,1287,1924,1170.1,404333,0.0,2.2,180.066043,180.066,2750,1115,1635,72.4,7319,0.0,1.1,180.066043,180.066,7365,1284,1023,5058,39.2,3477,0.0,0.9,180.066043,180.066,5493,1007,1020,3466
14-2-20-0.01-50,300,60,2,20,0.01,50,374,1714,10.8,2022,0.0,1.5,170.062837,170.063,2520,1058,1462,5.0,777,0.0,1.3,170.062837,170.063,2040,773,1267,1.6,160,0.0,0.4,170.062837,170.063,3031,699,660,1672,1.4,136,0.0,0.4,170.062837,170.063,2440,614,664,1162
14-2-20-0.01-90,300,60,2,20,0.01,90,374,1714,7.5,2185,0.0,1.3,128.541844,128.542,1407,618,789,6.4,1788,0.0,1.0,128.541844,128.542,1403,619,784,7.5,1221,0.0,0.8,128.541844,128.542,2767,539,574,1654,7.5,1304,0.0,0.7,128.541844,128.542,2505,509,572,1424
14-2-20-0.1-10,300,60,2,20,0.1,10,374,1714,1992.9,692216,0.0,2.4,176.910510,176.911,2832,1148,1684,454.1,122482,0.0,2.1,176.910510,176.911,2536,978,1558,47.0,4039,0.0,0.8,176.910510,176.911,5900,1048,936,3916,33.3,2527,0.0,0.7,176.910510,176.911,5177,951,946,3280
14-2-20-0.1-50,300,60,2,20,0.1,50,374,1714,7.7,1432,0.0,1.2,167.223380,167.223,2011,867,1144,6.4,1313,0.0,0.8,167.223380,167.223,1717,655,1062,1.6,172,0.0,0.2,167.223380,167.223,2448,653,615,1180,0.9,87,0.0,0.2,167.223380,167.223,2075,583,596,896
14-2-20-0.1-90,300,60,2,20,0.1,90,374,1714,8.7,2427,0.0,1.0,126.765470,126.765,1450,619,831,6.3,1769,0.0,0.9,126.765470,126.765,1437,619,818,7.1,1057,0.0,0.5,126.765470,126.765,2545,565,560,1420,6.5,1145,0.0,0.5,126.765470,126.765,2420,532,562,1326
14-2-20-0.2-10,300,60,2,20,0.2,10,374,1714,279.1,72381,0.0,1.9,173.709130,173.709,2868,1093,1775,99.5,21904,0.0,1.6,173.709130,173.709,2436,944,1492,26.7,2382,0.0,0.6,173.709130,173.709,4211,860,761,2590,12.2,965,0.0,0.5,173.709130,173.709,3637,836,783,2018
14-2-20-0.2-50,300,60,2,20,0.2,50,374,1714,4.1,719,0.0,1.1,164.167319,164.167,1619,689,930,4.0,628,0.0,0.9,164.167319,164.167,1469,599,870,1.1,180,0.0,0.2,164.167319,164.167,2177,616,535,1026,1.2,214,0.0,0.1,164.167319,164.167,1983,573,516,894
14-2-20-0.2-90,300,60,2,20,0.2,90,374,1714,5.9,1775,0.0,0.9,125.215223,125.215,1385,606,779,4.9,1392,0.0,0.8,125.215223,125.215,1199,537,662,2.0,421,0.0,0.2,125.215223,125.215,2066,530,462,1074,7.0,2388,0.0,0.2,125.215223,125.215,2077,551,462,1064
15-1-20-0.01-10,300,100,1,20,0.01,10,340,2178,310.1,95384,0.0,1.0,233.711966,233.712,2864,1075,1789,164.2,54757,0.0,0.8,233.711966,233.712,2221,811,1410,21.1,2440,0.0,0.4,233.711966,233.712,5142,864,1020,3258,17.6,2595,0.0,0.3,233.711966,233.712,3740,713,959,2068
15-1-20-0.01-50,300,100,1,20,0.01,50,340,2178,795.9,351578,0.0,1.7,218.168394,218.168,2444,888,1556,15.9,4130,0.0,1.6,218.168394,218.168,2165,759,1406,13.4,1869,0.0,0.5,218.167850,218.168,3865,695,908,2262,11.2,1809,0.0,0.5,218.168394,218.168,2920,564,822,1534
15-1-20-0.01-90,300,100,1,20,0.01,90,340,2178,26.3,9529,0.0,0.6,173.702611,173.703,1547,620,927,14.6,4530,0.0,0.6,173.702611,173.703,1440,571,869,9.5,1198,0.0,0.2,173.702611,173.703,3178,541,643,1994,9.1,1085,0.0,0.2,173.702611,173.703,3152,522,580,2050
15-1-20-0.1-10,300,100,1,20,0.1,10,340,2178,390.9,129021,0.0,1.1,228.872540,228.873,2215,868,1347,173.3,58040,0.0,0.7,228.872540,228.873,2087,767,1320,23.8,3653,0.0,0.4,228.872540,228.873,4583,848,857,2878,17.5,2240,0.0,0.3,228.872540,228.873,3406,663,853,1890
15-1-20-0.1-50,300,100,1,20,0.1,50,340,2178,170.4,67455,0.0,1.4,213.998067,213.998,2088,775,1313,24.3,8295,0.0,1.1,213.998067,213.998,1982,641,1341,11.2,1287,0.0,0.4,213.998067,213.998,3688,660,724,2304,9.7,1573,0.0,0.4,213.998067,213.998,2937,586,777,1574
15-1-20-0.1-90,300,100,1,20,0.1,90,340,2178,12.6,4404,0.0,0.5,170.666001,170.666,1415,545,870,9.8,2790,0.0,0.5,170.666001,170.666,1367,537,830,8.8,1043,0.0,0.2,170.666001,170.666,2959,513,650,1796,11.2,1320,0.0,0.1,170.666001,170.666,2927,508,615,1804
15-1-20-0.2-10,300,100,1,20,0.2,10,340,2178,27.7,6478,0.0,0.9,223.929614,223.930,2556,1005,1551,13.2,2334,0.0,0.7,223.929614,223.930,2215,880,1335,18.5,2102,0.0,0.3,223.929614,223.930,4262,842,844,2576,15.6,1218,0.0,0.2,223.929614,223.930,3448,752,798,1898
15-1-20-0.2-50,300,100,1,20,0.2,50,340,2178,14.4,4290,0.0,1.1,209.648531,209.649,2062,711,1351,7.5,1524,0.0,1.0,209.648531,209.649,1906,647,1259,8.1,1189,0.0,0.3,209.648531,209.649,3278,661,837,1780,10.0,1814,0.0,0.3,209.648531,209.649,2884,601,883,1400
15-1-20-0.2-90,300,100,1,20,0.2,90,340,2178,15.8,6051,0.0,0.5,167.650340,167.650,1360,513,847,8.3,1912,0.0,0.4,167.650340,167.650,1244,506,738,5.5,1182,0.0,0.1,167.650340,167.650,2538,449,559,1530,8.0,1407,0.0,0.1,167.650340,167.650,2396,449,529,1418
15-2-20-0.01-10,300,100,2,20,0.01,10,376,2142,1398.4,335099,0.0,1.3,235.061816,235.062,2712,1129,1583,105.9,29359,0.0,0.9,235.061816,235.062,2197,879,1318,39.5,6103,0.0,0.5,235.061816,235.062,5757,1005,994,3758,19.5,2561,0.0,0.4,235.061816,235.062,3815,723,910,2182
15-2-20-0.01-50,300,100,2,20,0.01,50,376,2142,1184.3,495569,0.0,1.9,219.488656,219.489,2570,1019,1551,59.7,20967,0.0,1.6,219.488656,219.489,2146,781,1365,21.0,4131,0.0,0.6,219.488656,219.489,4172,710,862,2600,12.0,1809,0.0,0.6,219.488656,219.489,3312,618,742,1952
15-2-20-0.01-90,300,100,2,20,0.01,90,376,2142,13.4,3368,0.0,0.7,180.606266,180.606,1477,619,858,6.4,1265,0.0,0.6,180.606266,180.606,1467,574,893,8.2,836,0.0,0.3,180.606266,180.606,3004,546,666,1792,11.2,2075,0.0,0.3,180.606266,180.606,2437,506,611,1320
15-2-20-0.1-10,300,100,2,20,0.1,10,376,2142,603.2,205955,0.0,1.2,230.427898,230.428,2488,972,1516,272.9,86447,0.0,1.0,230.427898,230.428,2242,783,1459,39.5,5352,0.0,0.4,230.427898,230.428,5130,935,821,3374,24.6,3464,0.0,0.4,230.427898,230.428,4009,749,878,2382
15-2-20-0.1-50,300,100,2,20,0.1,50,376,2142,47.2,16523,0.0,1.7,215.823807,215.824,2037,777,1260,11.2,2176,0.0,1.5,215.823807,215.824,1962,727,1235,11.9,1727,0.0,0.5,215.823807,215.824,3686,691,729,2266,9.9,1527,0.0,0.4,215.823807,215.824,3201,626,729,1846
15-2-20-0.1-90,300,100,2,20,0.1,90,376,2142,10.2,3277,0.0,0.6,177.798140,177.798,1476,601,875,4.7,751,0.0,0.6,177.798140,177.798,1454,577,877,10.5,1725,0.0,0.3,177.798140,177.798,2814,558,650,1606,10.7,1865,0.0,0.2,177.798140,177.798,2492,515,633,1344
15-2-20-0.2-10,300,100,2,20,0.2,10,376,2142,170.6,51672,0.0,1.0,225.835469,225.835,2301,961,1340,54.7,14651,0.0,0.7,225.835469,225.835,1989,807,1182,20.7,2170,0.0,0.3,225.835469,225.835,4594,923,817,2854,12.8,1021,0.0,0.3,225.835469,225.835,4054,785,867,2402
15-2-20-0.2-50,300,100,2,20,0.2,50,376,2142,15.6,4096,0.0,1.4,211.958654,211.959,2104,833,1271,7.3,1391,0.0,1.4,211.958654,211.959,2071,757,1314,18.1,5806,0.0,0.3,211.958654,211.959,2820,658,680,1482,11.2,1988,0.0,0.2,211.958654,211.959,2953,640,725,1588
15-2-20-0.2-90,300,100,2,20,0.2,90,376,2142,7.3,2007,0.0,0.6,175.019362,175.019,1383,557,826,5.9,1271,0.0,0.6,175.019362,175.019,1340,540,800,9.8,3206,0.0,0.3,175.019362,175.019,2181,458,481,1242,3.1,607,0.0,0.2,175.019362,175.019,2064,450,492,1122
16-1-20-0.01-10,400,5,1,20,0.01,10,464,7328,0.8,43,0.0,0.7,109.198003,109.198,2255,850,1405,0.9,35,0.0,0.6,109.198003,109.198,2170,844,1326,1.4,21,0.0,0.4,109.198003,109.198,2654,854,1223,577,0.9,18,0.0,0.4,109.198003,109.198,2449,737,1157,555
16-1-20-0.01-50,400,5,1,20,0.01,50,464,7328,0.3,3,0.0,0.0,109.129645,109.130,1298,558,740,0.4,0,0.0,0.0,109.129645,109.130,1345,566,779,0.3,0,0.0,0.0,109.129645,109.130,1735,553,612,570,0.4,0,0.0,0.0,109.129645,109.130,1750,554,602,594
16-1-20-0.01-90,400,5,1,20,0.01,90,464,7328,0.3,6,0.0,0.1,77.661917,77.662,1218,523,695,0.3,3,0.0,0.0,77.661917,77.662,1155,524,631,0.2,0,0.0,0.0,77.661917,77.662,1287,464,539,284,0.2,0,0.0,0.0,77.661917,77.662,1403,499,602,302
16-1-20-0.1-10,400,5,1,20,0.1,10,464,7328,0.7,37,0.0,0.7,107.514204,107.514,2182,769,1413,0.8,25,0.0,0.6,107.514204,107.514,2086,820,1266,0.9,24,0.0,0.4,107.514204,107.514,2417,819,1115,483,0.9,32,0.0,0.4,107.514204,107.514,2202,731,1075,396
16-1-20-0.1-50,400,5,1,20,0.1,50,464,7328,0.4,3,0.0,0.0,107.514204,107.514,1425,586,839,0.3,0,0.0,0.0,107.514204,107.514,1398,586,812,0.3,0,0.0,0.0,107.514204,107.514,1880,612,686,582,0.3,0,0.0,0.0,107.514204,107.514,1811,614,675,522
16-1-20-0.1-90,400,5,1,20,0.1,90,464,7328,0.3,4,0.0,0.0,75.822834,75.823,1227,544,683,0.3,7,0.0,0.1,75.822834,75.823,1174,541,633,0.2,0,0.0,0.0,75.822834,75.823,1287,464,539,284,0.2,0,0.0,0.0,75.822834,75.823,1420,515,611,294
16-1-20-0.2-10,400,5,1,20,0.2,10,464,7328,0.6,19,0.0,0.4,105.719270,105.719,2215,857,1358,0.5,29,0.0,0.8,105.719270,105.719,1819,766,1053,0.8,13,0.0,0.3,105.719270,105.719,2438,814,1096,528,0.8,19,0.0,0.4,105.719270,105.719,2259,769,1068,422
16-1-20-0.2-50,400,5,1,20,0.2,50,464,7328,0.3,5,0.0,0.1,105.719270,105.719,1528,640,888,0.3,2,0.0,0.0,105.719270,105.719,1506,633,873,0.3,0,0.0,0.0,105.719270,105.719,1924,619,666,639,0.3,0,0.0,0.0,105.719270,105.719,1940,619,698,623
16-1-20-0.2-90,400,5,1,20,0.2,90,464,7328,0.3,3,0.0,0.0,73.779409,73.779,1285,528,757,0.3,0,0.0,0.0,73.779409,73.779,1282,519,763,0.2,0,0.0,0.0,73.779409,73.779,1429,515,600,314,0.3,0,0.0,0.0,73.779409,73.779,1530,518,574,438
16-2-20-0.01-10,400,5,2,20,0.01,10,540,7252,0.9,49,0.0,0.9,109.731493,109.731,2422,955,1467,0.9,37,0.0,0.9,109.731493,109.731,2465,967,1498,1.0,21,0.0,0.6,109.731493,109.731,2822,893,1246,683,0.9,21,0.0,0.6,109.731493,109.731,2623,889,1089,645
16-2-20-0.01-50,400,5,2,20,0.01,50,540,7252,0.4,7,0.0,0.3,109.602242,109.602,1367,574,793,0.5,9,0.0,0.3,109.602242,109.602,1535,665,870,0.5,3,0.0,0.0,109.602242,109.602,1909,564,611,734,0.5,2,0.0,0.0,109.602242,109.602,1990,590,634,766
16-2-20-0.01-90,400,5,2,20,0.01,90,540,7252,0.3,15,0.0,0.7,78.102670,78.103,1465,559,906,0.5,7,0.0,0.5,78.102670,78.103,1514,565,949,0.4,5,0.0,0.1,78.102670,78.103,1756,521,677,558,0.5,5,0.0,0.1,78.102670,78.103,1639,521,642,476
16-2-20-0.1-10,400,5,2,20,0.1,10,540,7252,0.7,31,0.0,0.8,108.137043,108.137,2263,807,1456,0.8,39,0.0,0.9,108.137043,108.137,2203,904,1299,0.9,25,0.0,0.6,108.137043,108.137,2621,819,1170,632,0.9,20,0.0,0.6,108.137043,108.137,2929,875,1387,667
16-2-20-0.1-50,400,5,2,20,0.1,50,540,7252,0.4,7,0.0,0.2,108.081321,108.081,1435,608,827,0.4,7,0.0,0.3,108.081321,108.081,1444,622,822,0.3,0,0.0,0.0,108.081321,108.081,1931,611,641,679,0.4,0,0.0,0.0,108.081321,108.081,1893,581,679,633
16-2-20-0.1-90,400,5,2,20,0.1,90,540,7252,0.4,11,0.0,0.8,76.282693,76.283,1564,573,991,0.5,18,0.0,0.8,76.282693,76.283,1418,529,889,0.5,5,0.0,0.4,76.282693,76.283,1562,522,652,388,0.6,5,0.0,0.4,76.282693,76.283,1601,522,653,426
16-2-20-0.2-10,400,5,2,20,0.2,10,540,7252,0.8,40,0.0,0.8,106.391408,106.391,2324,933,1391,0.8,37,0.0,0.7,106.391408,106.391,2425,880,1545,0.8,21,0.0,0.5,106.391408,106.391,2390,790,1144,456,0.9,18,0.0,0.4,106.391408,106.391,2623,820,1232,571
16-2-20-0.2-50,400,5,2,20,0.2,50,540,7252,0.4,13,0.0,0.3,106.391408,106.391,1765,686,1079,0.4,7,0.0,0.1,106.391408,106.391,1586,652,934,0.4,0,0.0,0.0,106.391408,106.391,1872,664,712,496,0.4,0,0.0,0.0,106.391408,106.391,1806,658,708,440
16-2-20-0.2-90,400,5,2,20,0.2,90,540,7252,0.3,7,0.0,0.3,74.819982,74.820,1250,581,669,0.4,7,0.0,0.2,74.819982,74.820,1283,577,706,0.4,3,0.0,0.0,74.819982,74.820,1808,589,580,639,0.5,3,0.0,0.0,74.819982,74.820,1843,585,579,679
17-1-20-0.01-10,400,10,1,20,0.01,10,460,6282,2.1,210,0.0,1.1,136.500129,136.500,2849,1312,1537,2.4,298,0.0,1.1,136.500129,136.500,2593,1231,1362,1.2,35,0.0,0.5,136.500129,136.500,3191,1057,970,1164,1.1,41,0.0,0.6,136.500129,136.500,2768,964,886,918
17-1-20-0.01-50,400,10,1,20,0.01,50,460,6282,2.9,418,0.0,1.2,128.337269,128.337,2357,978,1379,2.0,246,0.0,1.1,128.337269,128.337,2345,933,1412,1.4,49,0.0,0.8,128.337269,128.337,3132,866,1024,1242,1.5,55,0.0,0.7,128.337269,128.337,2989,843,1080,1066
17-1-20-0.01-90,400,10,1,20,0.01,90,460,6282,0.3,10,0.0,0.1,110.620356,110.620,1412,529,883,0.4,7,0.0,0.2,110.620356,110.620,1362,526,836,0.5,7,0.0,0.1,110.620356,110.620,1696,529,777,390,0.6,7,0.0,0.1,110.620356,110.620,1639,530,753,356
17-1-20-0.1-10,400,10,1,20,0.1,10,460,6282,2.1,215,0.0,1.1,134.074415,134.074,2539,1248,1291,2.2,240,0.0,1.1,134.074415,134.074,2443,1202,1241,1.2,28,0.0,0.5,134.074415,134.074,2863,1017,907,939,1.1,25,0.0,0.5,134.074415,134.074,2919,1051,868,1000
17-1-20-0.1-50,400,10,1,20,0.1,50,460,6282,1.3,117,0.0,0.9,125.915567,125.916,2024,879,1145,2.2,102,0.0,0.7,125.915567,125.916,2083,828,1255,1.2,20,0.0,0.4,125.915567,125.916,3054,867,1101,1086,1.1,22,0.0,0.4,125.915567,125.916,2858,805,1159,894
17-1-20-0.1-90,400,10,1,20,0.1,90,460,6282,0.2,0,0.0,0.0,107.246200,107.246,1235,521,714,0.3,3,0.0,0.0,107.246200,107.246,1223,521,702,0.3,3,0.0,0.0,107.246200,107.246,1587,527,688,372,0.3,0,0.0,0.0,107.246200,107.246,1531,527,654,350
17-1-20-0.2-10,400,10,1,20,0.2,10,460,6282,1.9,155,0.0,1.1,131.495270,131.495,2411,1088,1323,1.4,111,0.0,0.9,131.495270,131.495,2269,1023,1246,1.3,36,0.0,0.5,131.495270,131.495,2921,984,1013,924,1.3,39,0.0,0.5,131.495270,131.495,3039,973,1010,1056
17-1-20-0.2-50,400,10,1,20,0.2,50,460,6282,0.7,48,0.0,0.5,123.351619,123.352,1889,809,1080,0.8,40,0.0,0.5,123.351619,123.352,1845,812,1033,0.8,25,0.0,0.2,123.351619,123.352,2942,827,789,1326,0.8,13,0.0,0.2,123.351619,123.352,2338,754,794,790
17-1-20-0.2-90,400,10,1,20,0.2,90,460,6282,0.2,0,0.0,0.0,103.497138,103.497,1285,521,764,0.3,0,0.0,0.0,103.497138,103.497,1198,523,675,0.3,0,0.0,0.0,103.497138,103.497,1744,534,602,608,0.2,0,0.0,0.0,103.497138,103.497,1494,523,597,374
17-2-20-0.01-10,400,10,2,20,0.01,10,536,6206,3.1,404,0.0,1.5,139.477301,139.477,2876,1408,1468,2.2,266,0.0,1.2,139.477301,139.477,2466,1148,1318,1.2,37,0.0,0.7,139.477301,139.477,3148,1060,936,1152,1.1,49,0.0,0.6,139.477301,139.477,2846,982,814,1050
17-2-20-0.01-50,400,10,2,20,0.01,50,536,6206,2.4,373,0.0,1.2,131.466639,131.467,2340,1037,1303,2.4,311,0.0,1.3,131.466639,131.467,2201,926,1275,1.2,28,0.0,0.5,131.466639,131.467,2975,918,949,1108,1.1,31,0.0,0.5,131.466639,131.467,3021,929,878,1214
17-2-20-0.01-90,400,10,2,20,0.01,90,536,6206,0.3,9,0.0,0.2,112.000435,112.000,1378,517,861,0.4,15,0.0,0.1,112.000435,112.000,1373,517,856,0.4,5,0.0,0.1,112.000435,112.000,1614,516,736,362,0.5,7,0.0,0.1,112.000435,112.000,1578,518,674,386
17-2-20-0.1-10,400,10,2,20,0.1,10,536,6206,2.3,246,0.0,1.2,137.311983,137.312,2584,1233,1351,2.2,167,0.0,1.1,137.311983,137.312,2360,1144,1216,1.0,30,0.0,0.5,137.311983,137.312,2772,964,868,940,1.3,35,0.0,0.6,137.311983,137.312,2832,945,855,1032
17-2-20-0.1-50,400,10,2,20,0.1,50,536,6206,1.5,185,0.0,1.0,129.217433,129.217,2078,897,1181,1.1,111,0.0,1.0,129.217433,129.217,1898,811,1087,0.9,15,0.0,0.3,129.217433,129.217,2711,907,822,982,0.8,29,0.0,0.3,129.217433,129.217,2486,831,787,868
17-2-20-0.1-90,400,10,2,20,0.1,90,536,6206,0.2,0,0.0,0.0,108.763755,108.764,1183,514,669,0.2,0,0.0,0.0,108.763755,108.764,1219,512,707,0.2,0,0.0,0.0,108.763755,108.764,1512,516,640,356,0.2,0,0.0,0.0,108.763755,108.764,1434,512,604,318
17-2-20-0.2-10,400,10,2,20,0.2,10,536,6206,1.8,158,0.0,1.1,134.939565,134.940,2462,1208,1254,1.4,91,0.0,1.0,134.939565,134.940,2144,1066,1078,1.1,24,0.0,0.4,134.939565,134.940,2719,913,892,914,1.2,36,0.0,0.3,134.939565,134.940,2989,1009,814,1166
17-2-20-0.2-50,400,10,2,20,0.2,50,536,6206,1.0,103,0.0,0.8,126.718316,126.718,1923,832,1091,1.0,68,0.0,1.0,126.718316,126.718,1864,843,1021,0.6,10,0.0,0.2,126.718316,126.718,2343,734,791,818,1.0,14,0.0,0.2,126.718316,126.718,2683,861,930,892
17-2-20-0.2-90,400,10,2,20,0.2,90,536,6206,0.2,0,0.0,0.0,105.167444,105.167,1229,516,713,0.3,0,0.0,0.0,105.167444,105.167,1250,516,734,0.2,0,0.0,0.0,105.167444,105.167,1507,516,619,372,0.5,0,0.0,0.0,105.167444,105.167,1486,516,612,358
18-1-20-0.01-10,400,40,1,20,0.01,10,444,4364,1089.4,212281,0.0,1.7,215.275325,215.275,5594,2189,3405,764.1,160316,0.0,1.4,215.275325,215.275,4711,1391,3320,64.0,3257,0.0,0.7,215.275325,215.275,6846,1457,1613,3776,68.4,4193,0.0,0.7,215.275325,215.275,5896,1275,1561,3060
18-1-20-0.01-50,400,40,1,20,0.01,50,444,4364,173.4,31653,0.0,1.2,206.281846,206.282,3662,1380,2282,35.9,5142,0.0,1.1,206.281846,206.282,3174,1100,2074,13.6,926,0.0,0.4,206.281846,206.282,4490,1032,1040,2418,16.6,1030,0.0,0.4,206.281846,206.282,4122,956,1120,2046
18-1-20-0.01-90,400,40,1,20,0.01,90,444,4364,0.5,50,0.0,0.1,157.292761,157.293,1558,610,948,0.5,23,0.0,0.0,157.292761,157.293,1526,590,936,0.3,0,0.0,0.0,157.292761,157.293,1770,564,658,548,0.3,0,0.0,0.0,157.292761,157.293,1767,561,660,546
18-1-20-0.1-10,400,40,1,20,0.1,10,444,4364,451.0,71965,0.0,1.9,209.840029,209.840,5036,1765,3271,237.4,35144,0.0,1.3,209.840029,209.840,4204,1272,2932,71.3,2396,0.0,0.7,209.840029,209.840,5611,1244,1369,2998,48.9,2261,0.0,0.6,209.840029,209.840,4904,1103,1395,2406
18-1-20-0.1-50,400,40,1,20,0.1,50,444,4364,17.8,1833,0.0,1.0,201.561536,201.562,3048,1082,1966,10.5,1065,0.0,0.8,201.561536,201.562,2937,1005,1932,3.6,201,0.0,0.2,201.561536,201.562,3721,918,955,1848,4.7,210,0.0,0.2,201.561536,201.562,3693,912,983,1798
18-1-20-0.1-90,400,40,1,20,0.1,90,444,4364,1.1,279,0.0,0.1,152.503049,152.503,1577,567,1010,0.9,185,0.0,0.1,152.503049,152.503,1498,546,952,0.4,10,0.0,0.0,152.503049,152.503,1692,539,655,498,0.4,9,0.0,0.0,152.503049,152.503,1712,536,698,478
18-1-20-0.2-10,400,40,1,20,0.2,10,444,4364,225.6,41600,0.0,1.4,204.030909,204.031,4518,1424,3094,58.9,6928,0.0,1.2,204.030909,204.031,4238,1375,2863,29.8,1103,0.0,0.5,204.030909,204.031,5493,1244,1455,2794,37.6,1919,0.0,0.5,204.030909,204.031,5019,1144,1319,2556
18-1-20-0.2-50,400,40,1,20,0.2,50,444,4364,10.3,1146,0.0,0.7,196.426804,196.427,2428,928,1500,12.1,1620,0.0,0.6,196.426804,196.427,2447,869,1578,1.9,77,0.0,0.1,196.426804,196.427,3529,926,937,1666,1.6,48,0.0,0.1,196.426804,196.427,3198,836,894,1468
18-1-20-0.2-90,400,40,1,20,0.2,90,444,4364,5.4,2036,0.0,0.3,147.471342,147.471,1872,594,1278,1.7,441,0.0,0.3,147.471342,147.471,1797,588,1209,0.5,9,0.0,0.1,147.471342,147.471,2027,565,702,760,0.6,28,0.0,0.1,147.471342,147.471,1888,562,730,596
18-2-20-0.01-10,400,40,2,20,0.01,10,512,4296,76.4,6599,0.0,1.3,218.964668,218.965,5323,2140,3183,42.9,3189,0.0,1.2,218.964668,218.965,4604,1714,2890,27.1,1059,0.0,0.6,218.964668,218.965,6154,1262,1710,3182,22.7,1103,0.0,0.7,218.964668,218.965,4987,1172,1423,2392
18-2-20-0.01-50,400,40,2,20,0.01,50,512,4296,74.4,13823,0.0,1.5,209.515667,209.516,3099,1221,1878,35.3,6836,0.0,1.2,209.515667,209.516,3247,1177,2070,19.3,1483,0.0,0.5,209.515667,209.516,4666,1107,1065,2494,23.6,2098,0.0,0.5,209.515667,209.516,4061,1026,1037,1998
18-2-20-0.01-90,400,40,2,20,0.01,90,512,4296,6.5,2089,0.0,0.7,159.603387,159.603,1888,648,1240,5.5,1033,0.0,0.6,159.603387,159.603,1712,620,1092,0.8,32,0.0,0.1,159.603387,159.603,2265,650,749,866,0.8,33,0.0,0.1,159.603387,159.603,2273,581,818,874
18-2-20-0.1-10,400,40,2,20,0.1,10,512,4296,70.8,5609,0.0,1.2,213.867190,213.867,4019,1320,2699,34.1,2862,0.0,1.1,213.867190,213.867,3973,1265,2708,26.7,1016,0.0,0.5,213.867190,213.867,5462,1159,1479,2824,17.2,796,0.0,0.6,213.867190,213.867,4972,1124,1402,2446
18-2-20-0.1-50,400,40,2,20,0.1,50,512,4296,21.9,3141,0.0,1.2,205.185043,205.185,3428,1299,2129,16.6,2433,0.0,1.0,205.185043,205.185,2929,1076,1853,11.4,768,0.0,0.3,205.185043,205.185,4334,1003,1191,2140,9.8,651,0.0,0.3,205.185043,205.185,3886,973,985,1928
18-2-20-0.1-90,400,40,2,20,0.1,90,512,4296,3.7,951,0.0,0.4,156.036494,156.036,1801,700,1101,4.3,1213,0.0,0.5,156.036494,156.036,1594,596,998,0.6,28,0.0,0.0,156.036494,156.036,2047,591,696,760,0.6,9,0.0,0.0,156.036494,156.036,2025,615,702,708
18-2-20-0.2-10,400,40,2,20,0.2,10,512,4296,46.4,4283,0.0,1.1,208.390001,208.390,3747,1415,2332,39.1,3892,0.0,1.0,208.390001,208.390,3215,1188,2027,36.4,1655,0.0,0.5,208.390001,208.390,5127,1183,1172,2772,35.2,2403,0.0,0.5,208.390001,208.390,4901,1152,1095,2654
18-2-20-0.2-50,400,40,2,20,0.2,50,512,4296,11.0,1341,0.0,0.8,200.648386,200.648,2453,920,1533,11.4,1098,0.0,0.8,200.648386,200.648,2479,864,1615,1.9,112,0.0,0.2,200.648386,200.648,3368,905,785,1678,1.9,75,0.0,0.2,200.648386,200.648,3437,880,931,1626
18-2-20-0.2-90,400,40,2,20,0.2,90,512,4296,3.3,784,0.0,0.6,152.338315,152.338,1642,642,1000,3.1,832,0.0,0.6,152.338315,152.338,1575,658,917,0.5,14,0.0,0.0,152.338315,152.338,1649,547,666,436,0.5,7,0.0,0.0,152.338315,152.338,1711,560,673,478
19-1-20-0.01-10,400,80,1,20,0.01,10,458,5290,TL,263607,0.6,1.8,294.387840,296.139,5399,2025,3374,TL,344604,0.4,1.5,294.698757,295.812,5397,1991,3406,TL,319176,0.3,0.9,294.657149,295.640,11880,1947,2309,7624,2965.2,160275,0.0,0.7,294.902252,294.902,10426,1729,2117,6580
19-1-20-0.01-50,400,80,1,20,0.01,50,458,5290,TL,597957,0.1,1.2,280.966614,281.146,4037,1366,2671,579.5,117775,0.0,1.0,280.980881,280.981,3775,1137,2638,117.3,11902,0.0,0.5,280.980881,280.981,7520,1228,1766,4526,90.9,10262,0.0,0.4,280.980881,280.981,6093,1074,1661,3358
19-1-20-0.01-90,400,80,1,20,0.01,90,458,5290,14.7,2227,0.0,0.7,225.869041,225.869,2642,851,1791,19.0,3927,0.0,0.7,225.869041,225.869,2511,753,1758,20.8,1979,0.0,0.4,225.869041,225.869,4017,760,1081,2176,15.1,1477,0.0,0.3,225.869041,225.869,4023,762,1205,2056
19-1-20-0.1-10,400,80,1,20,0.1,10,458,5290,TL,361140,0.3,1.6,287.185152,288.163,4388,1613,2775,TL,354911,0.2,1.1,287.294614,287.860,5352,1786,3566,TL,403823,0.2,0.7,287.307077,287.762,11037,1799,2094,7144,1825.3,93655,0.0,0.6,287.349448,287.349,10025,1552,1925,6548
19-1-20-0.1-50,400,80,1,20,0.1,50,458,5290,178.8,30461,0.0,0.9,273.929633,273.930,3462,1092,2370,50.8,7696,0.0,0.8,273.929633,273.930,3472,1010,2462,51.7,3606,0.0,0.3,273.929633,273.930,6570,1058,2088,3424,47.7,4882,0.0,0.3,273.929633,273.930,5319,994,1603,2722
19-1-20-0.1-90,400,80,1,20,0.1,90,458,5290,18.6,4380,0.0,0.7,218.633585,218.634,2439,775,1664,35.9,10751,0.0,0.6,218.633585,218.634,2389,736,1653,24.6,2776,0.0,0.4,218.633585,218.634,4566,757,1153,2656,20.8,2203,0.0,0.3,218.633585,218.634,4330,757,1087,2486
19-1-20-0.2-10,400,80,1,20,0.2,10,458,5290,TL,450954,0.2,1.4,279.123842,279.712,4661,1777,2884,TL,401942,0.1,1.1,279.272932,279.581,4028,1478,2550,1265.4,80202,0.0,0.5,279.282904,279.283,10845,1780,1799,7266,637.9,37636,0.0,0.4,279.282904,279.283,8334,1360,1620,5354
19-1-20-0.2-50,400,80,1,20,0.2,50,458,5290,12.7,1200,0.0,0.6,266.374499,266.374,3305,1111,2194,17.9,2131,0.0,0.5,266.374499,266.374,3039,941,2098,20.8,1202,0.0,0.2,266.374499,266.374,4463,943,1418,2102,20.7,1215,0.0,0.1,266.374499,266.374,4074,894,1328,1852
19-1-20-0.2-90,400,80,1,20,0.2,90,458,5290,72.5,17482,0.0,1.0,211.087039,211.087,2410,799,1611,56.8,14341,0.0,0.9,211.087039,211.087,2464,768,1696,22.9,1930,0.0,0.4,211.087039,211.087,4889,830,1335,2724,20.7,1336,0.0,0.4,211.087039,211.087,4711,804,1247,2660
19-2-20-0.01-10,400,80,2,20,0.01,10,526,5222,TL,250683,0.7,2.1,296.385662,298.611,5246,2079,3167,TL,276705,0.4,1.5,297.111628,298.166,4913,1702,3211,TL,248176,0.4,1.0,296.817367,297.928,15565,2331,2384,10850,TL,319734,0.2,0.8,297.155752,297.787,14850,2174,2796,9880
19-2-20-0.01-50,400,80,2,20,0.01,50,526,5222,TL,373843,0.3,1.7,282.469690,283.209,4283,1564,2719,1736.7,329039,0.0,1.4,282.716786,282.717,3497,1221,2276,509.2,47522,0.0,0.7,282.716786,282.717,10103,1523,1814,6766,239.3,20107,0.0,0.6,282.716786,282.717,7661,1238,1765,4658
19-2-20-0.01-90,400,80,2,20,0.01,90,526,5222,85.8,22436,0.0,1.1,232.178008,232.178,2577,926,1651,45.9,12218,0.0,1.0,232.178008,232.178,2392,806,1586,31.0,3625,0.0,0.6,232.178008,232.178,5107,828,1165,3114,22.7,2468,0.0,0.5,232.178008,232.178,4807,771,1172,2864
19-2-20-0.1-10,400,80,2,20,0.1,10,526,5222,TL,301302,0.4,1.9,289.775296,290.846,4679,1779,2900,TL,383294,0.2,1.6,289.891448,290.611,4330,1429,2901,TL,335104,0.2,0.8,289.958435,290.484,13484,1796,2114,9574,1848.0,64045,0.0,0.7,290.059480,290.059,12860,1782,2088,8990
19-2-20-0.1-50,400,80,2,20,0.1,50,526,5222,289.3,35302,0.0,1.4,276.139178,276.139,3788,1519,2269,188.3,28942,0.0,1.3,276.139178,276.139,3893,1339,2554,66.3,3776,0.0,0.4,276.139178,276.139,8177,1266,1535,5376,43.0,1850,0.0,0.4,276.139178,276.139,7059,1168,1495,4396
19-2-20-0.1-90,400,80,2,20,0.1,90,526,5222,46.0,10208,0.0,1.2,225.772477,225.772,3051,1036,2015,73.3,16831,0.0,1.1,225.772477,225.772,3131,977,2154,26.5,2629,0.0,0.6,225.772477,225.772,5765,809,1408,3548,26.1,2805,0.0,0.6,225.772477,225.772,5404,813,1291,3300
19-2-20-0.2-10,400,80,2,20,0.2,10,526,5222,TL,364406,0.2,1.5,282.596176,283.068,4159,1587,2572,TL,349603,0.1,1.3,282.655405,282.983,3875,1357,2518,212.2,6391,0.0,0.5,282.685220,282.685,12443,1804,1671,8968,144.4,3596,0.0,0.5,282.685220,282.685,10711,1446,1797,7468
19-2-20-0.2-50,400,80,2,20,0.2,50,526,5222,182.5,31839,0.0,1.4,269.062240,269.062,3510,1294,2216,55.7,8733,0.0,1.2,269.062240,269.062,3010,1180,1830,40.0,2328,0.0,0.2,269.062240,269.062,5089,1020,987,3082,43.6,3157,0.0,0.2,269.062240,269.062,4964,1018,1036,2910
19-2-20-0.2-90,400,80,2,20,0.2,90,526,5222,589.0,174221,0.0,1.6,219.019032,219.019,2575,845,1730,542.5,176395,0.0,1.4,219.019032,219.019,2305,772,1533,54.2,6634,0.0,0.8,219.019032,219.019,5543,808,1225,3510,57.1,8257,0.0,0.7,219.019032,219.019,5378,777,1293,3308
20-1-20-0.01-10,400,133,1,20,0.01,10,456,4474,TL,254494,1.0,2.2,341.638647,345.036,5257,2091,3166,TL,318279,0.5,1.3,343.010839,344.597,4678,1620,3058,TL,236026,0.7,1.4,342.001975,344.582,18311,2475,2908,12928,TL,102991,0.3,0.8,343.115556,344.177,11984,1766,2330,7888
20-1-20-0.01-50,400,133,1,20,0.01,50,456,4474,TL,415255,0.4,1.8,321.917493,323.351,3821,1388,2433,TL,478251,0.1,1.2,322.325634,322.609,3932,1231,2701,2473.7,534066,0.0,0.6,322.337282,322.337,8632,1434,1902,5296,405.1,42477,0.0,0.5,322.337282,322.337,7135,1254,1743,4138
20-1-20-0.01-90,400,133,1,20,0.01,90,456,4474,769.4,249373,0.0,1.3,249.976077,249.976,2470,818,1652,105.5,31928,0.0,1.2,249.975998,249.976,2153,715,1438,23.2,1698,0.0,0.4,249.976077,249.976,5388,696,1046,3646,19.0,1141,0.0,0.4,249.976077,249.976,4807,681,1076,3050
20-1-20-0.1-10,400,133,1,20,0.1,10,456,4474,TL,269623,0.9,2.2,333.166780,336.264,4924,1761,3163,TL,356550,0.5,1.5,334.283547,336.008,4171,1378,2793,TL,232271,0.8,1.3,333.166780,335.842,16128,2038,2474,11616,TL,106342,0.2,0.8,334.739562,335.499,11678,1611,2215,7852
20-1-20-0.1-50,400,133,1,20,0.1,50,456,4474,TL,488917,0.2,1.5,314.276517,314.783,3909,1234,2675,TL,525917,0.1,1.3,314.362483,314.599,3484,1074,2410,808.1,101878,0.0,0.5,314.369101,314.369,7806,1253,1701,4852,305.9,31530,0.0,0.5,314.369101,314.369,6381,1129,1618,3634
20-1-20-0.1-90,400,133,1,20,0.1,90,456,4474,52.8,13119,0.0,1.2,244.900462,244.900,2199,739,1460,40.3,8873,0.0,1.1,244.900462,244.900,2118,700,1418,26.8,1898,0.0,0.4,244.900462,244.900,5020,730,994,3296,35.5,5108,0.0,0.4,244.900462,244.900,4579,673,968,2938
20-1-20-0.2-10,400,133,1,20,0.2,10,456,4474,TL,311492,0.5,1.9,325.189429,326.946,4338,1546,2792,TL,339464,0.4,1.4,325.603074,326.911,3964,1262,2702,TL,246318,0.5,1.0,324.875609,326.602,14332,1886,2336,10110,TL,315449,0.3,0.7,325.636366,326.644,12190,1555,2299,8336
20-1-20-0.2-50,400,133,1,20,0.2,50,456,4474,1237.0,214068,0.0,1.2,306.305954,306.306,4039,1387,2652,563.0,91542,0.0,1.1,306.305954,306.306,3432,1210,2222,78.6,5040,0.0,0.3,306.305954,306.306,7306,1227,1561,4518,75.4,4764,0.0,0.4,306.305954,306.306,6465,1051,1464,3950
20-1-20-0.2-90,400,133,1,20,0.2,90,456,4474,40.0,9781,0.0,1.0,239.705290,239.705,2344,819,1525,58.2,12796,0.0,1.0,239.705290,239.705,2603,821,1782,12.3,776,0.0,0.3,239.705290,239.705,4435,670,935,2830,15.2,942,0.0,0.3,239.705290,239.705,4128,648,846,2634
20-2-20-0.01-10,400,133,2,20,0.01,10,526,4404,TL,258050,1.2,2.7,343.476671,347.744,5223,2104,3119,TL,290512,0.7,1.7,344.815992,347.140,4711,1643,3068,TL,201687,0.9,1.6,344.022226,347.174,18525,2438,2403,13684,TL,124910,0.4,1.0,345.064869,346.624,13400,1939,2617,8844
20-2-20-0.01-50,400,133,2,20,0.01,50,526,4404,TL,384740,0.5,2.2,326.232743,327.885,4304,1727,2577,TL,476077,0.2,1.6,326.377680,327.136,3909,1297,2612,TL,331753,0.1,0.8,326.429802,326.855,9392,1707,1807,5878,673.4,61073,0.0,0.6,326.568005,326.568,7903,1462,1769,4672
20-2-20-0.01-90,400,133,2,20,0.01,90,526,4404,1694.1,544377,0.0,1.8,263.284026,263.284,3353,1362,1991,26.1,5032,0.0,1.5,263.284026,263.284,2768,1034,1734,37.4,3949,0.0,0.6,263.284026,263.284,7297,793,1138,5366,23.4,1554,0.0,0.5,263.284026,263.284,6267,723,1086,4458
20-2-20-0.1-10,400,133,2,20,0.1,10,526,4404,TL,278115,1.1,2.6,335.740543,339.572,4856,1797,3059,TL,258871,0.6,1.8,337.148615,339.320,3791,1393,2398,TL,243404,0.9,1.5,336.099378,339.042,19281,2408,2687,14186,TL,93014,0.4,0.9,337.360548,338.613,13576,1755,2199,9622
20-2-20-0.1-50,400,133,2,20,0.1,50,526,4404,TL,452277,0.5,2.1,318.700625,320.213,4144,1368,2776,TL,453302,0.2,1.7,319.106788,319.706,3623,1117,2506,TL,564768,0.1,0.7,319.126415,319.424,9737,1636,2141,5960,1115.6,92828,0.0,0.6,319.148331,319.148,7588,1300,1724,4564
20-2-20-0.1-90,400,133,2,20,0.1,90,526,4404,117.1,30357,0.0,1.6,258.999080,258.999,2475,798,1677,1492.6,516049,0.0,1.5,258.999080,258.999,2181,734,1447,23.6,2071,0.0,0.4,258.999080,258.999,5643,730,943,3970,30.2,4471,0.0,0.3,258.999080,258.999,5053,734,945,3374
20-2-20-0.2-10,400,133,2,20,0.2,10,526,4404,TL,344912,0.9,2.5,328.000784,330.991,4581,1709,2872,TL,333826,0.6,1.8,329.062733,330.984,4184,1368,2816,TL,113982,0.9,1.3,327.777271,330.583,16695,2004,2339,12352,TL,159412,0.3,0.8,329.343424,330.440,13338,1634,2290,9414
20-2-20-0.2-50,400,133,2,20,0.2,50,526,4404,3501.5,559408,0.0,1.6,311.892673,311.893,3723,1305,2418,2896.4,378204,0.0,1.5,311.892673,311.893,3033,1100,1933,250.8,17374,0.0,0.5,311.892673,311.893,8406,1370,1664,5372,86.7,6252,0.0,0.4,311.892673,311.893,6946,1274,1524,4148
20-2-20-0.2-90,400,133,2,20,0.2,90,526,4404,21.0,4105,0.0,1.5,254.487475,254.487,2070,746,1324,51.5,12199,0.0,1.4,254.487475,254.487,2117,744,1373,16.7,1146,0.0,0.3,254.487475,254.487,5249,751,788,3710,TL,1196798,0.0,0.2,254.487475,254.488,4352,682,874,2796
21-1-20-0.01-10,500,5,1,20,0.01,10,592,13426,1.1,38,0.0,0.5,150.454705,150.455,2632,1064,1568,1.0,33,0.0,0.5,150.454705,150.455,2492,976,1516,1.1,13,0.0,0.3,150.454705,150.455,2765,886,1124,755,1.3,15,0.0,0.3,150.454705,150.455,2865,908,1144,813
21-1-20-0.01-50,500,5,1,20,0.01,50,592,13426,1.5,61,0.0,0.9,132.819569,132.820,3474,1228,2246,1.7,59,0.0,0.9,132.819569,132.820,3003,1067,1936,1.9,29,0.0,0.8,132.819569,132.820,3520,1054,1523,943,1.6,23,0.0,0.8,132.819569,132.820,2896,990,1079,827
21-1-20-0.01-90,500,5,1,20,0.01,90,592,13426,0.7,16,0.0,0.4,105.739752,105.740,2061,742,1319,0.8,11,0.0,0.2,105.739752,105.740,2010,772,1238,0.7,11,0.0,0.1,105.739752,105.740,2033,704,825,504,1.0,7,0.0,0.1,105.739752,105.740,2071,719,828,524
21-1-20-0.1-10,500,5,1,20,0.1,10,592,13426,0.9,27,0.0,0.5,147.355527,147.356,2158,914,1244,1.0,26,0.0,0.4,147.355527,147.356,2399,938,1461,1.0,13,0.0,0.2,147.355527,147.356,2770,892,856,1022,1.1,20,0.0,0.2,147.355527,147.356,2586,944,895,747
21-1-20-0.1-50,500,5,1,20,0.1,50,592,13426,1.8,94,0.0,1.2,129.718612,129.719,2832,1202,1630,1.7,87,0.0,1.3,129.718612,129.719,2932,1202,1730,1.7,25,0.0,1.0,129.718612,129.719,3785,1057,1259,1469,1.9,25,0.0,0.9,129.718612,129.719,3925,1046,1442,1437
21-1-20-0.1-90,500,5,1,20,0.1,90,592,13426,0.6,7,0.0,0.1,103.622278,103.622,1720,705,1015,0.8,7,0.0,0.1,103.622278,103.622,1644,702,942,0.5,0,0.0,0.0,103.622278,103.622,2176,703,781,692,0.7,0,0.0,0.0,103.622278,103.622,2142,703,787,652
21-1-20-0.2-10,500,5,1,20,0.2,10,592,13426,1.0,25,0.0,0.4,143.994455,143.994,2318,1056,1262,1.0,27,0.0,0.5,143.994455,143.994,2304,996,1308,1.0,9,0.0,0.2,143.994455,143.994,2464,931,896,637,0.9,7,0.0,0.2,143.994455,143.994,2427,902,866,659
21-1-20-0.2-50,500,5,1,20,0.2,50,592,13426,1.3,67,0.0,1.2,126.901070,126.901,2581,1108,1473,1.6,64,0.0,1.0,126.901070,126.901,2888,1149,1739,1.5,25,0.0,0.7,126.901070,126.901,3167,980,1100,1087,1.7,27,0.0,0.8,126.901070,126.901,3603,1028,1112,1463
21-1-20-0.2-90,500,5,1,20,0.2,90,592,13426,0.5,7,0.0,0.1,101.689011,101.689,1528,712,816,0.6,7,0.0,0.0,101.689011,101.689,1446,666,780,0.5,0,0.0,0.0,101.689011,101.689,2123,702,723,698,0.7,0,0.0,0.0,101.689011,101.689,2199,702,723,774
21-2-20-0.01-10,500,5,2,20,0.01,10,724,13294,1.2,46,0.0,0.7,151.305255,151.305,2513,1031,1482,1.1,48,0.0,0.9,151.305255,151.305,2422,969,1453,1.1,18,0.0,0.4,151.305255,151.305,2754,863,1092,799,1.3,23,0.0,0.4,151.305255,151.305,2822,893,1129,800
21-2-20-0.01-50,500,5,2,20,0.01,50,724,13294,1.6,107,0.0,1.6,134.232301,134.232,2582,1087,1495,1.7,86,0.0,1.2,134.232301,134.232,2952,1120,1832,1.4,27,0.0,1.1,134.232301,134.232,3536,1062,1005,1469,1.9,40,0.0,1.0,134.232301,134.232,3296,1002,1133,1161
21-2-20-0.01-90,500,5,2,20,0.01,90,724,13294,0.8,21,0.0,0.6,106.527127,106.527,1830,668,1162,0.7,23,0.0,0.6,106.527127,106.527,1713,666,1047,0.9,9,0.0,0.2,106.527127,106.527,2065,670,826,569,0.9,9,0.0,0.2,106.527127,106.527,2048,660,808,580
21-2-20-0.1-10,500,5,2,20,0.1,10,724,13294,1.3,44,0.0,0.8,148.394991,148.395,2583,1097,1486,1.2,40,0.0,0.8,148.394991,148.395,2552,997,1555,1.5,19,0.0,0.3,148.394991,148.395,3375,951,1246,1178,1.4,23,0.0,0.3,148.394991,148.395,2997,912,1145,940
21-2-20-0.1-50,500,5,2,20,0.1,50,724,13294,1.6,68,0.0,1.3,131.826496,131.826,2997,1136,1861,1.7,74,0.0,1.3,131.826496,131.826,2729,1093,1636,1.5,39,0.0,0.9,131.826496,131.826,3108,1028,1025,1055,1.8,29,0.0,0.8,131.826496,131.826,3350,986,1144,1220
21-2-20-0.1-90,500,5,2,20,0.1,90,724,13294,0.6,5,0.0,0.2,104.876471,104.876,1722,720,1002,0.7,5,0.0,0.1,104.876471,104.876,1734,704,1030,0.3,0,0.0,0.0,104.876471,104.876,1821,609,690,522,0.4,0,0.0,0.0,104.876471,104.876,1844,637,690,517
21-2-20-0.2-10,500,5,2,20,0.2,10,724,13294,1.0,31,0.0,0.7,145.696559,145.697,2447,1104,1343,0.9,19,0.0,0.4,145.696559,145.697,2482,1040,1442,1.2,11,0.0,0.1,145.696559,145.697,2887,949,1062,876,1.3,12,0.0,0.1,145.696559,145.697,2898,945,1054,899
21-2-20-0.2-50,500,5,2,20,0.2,50,724,13294,1.6,88,0.0,1.7,129.153380,129.153,2662,1148,1514,1.6,84,0.0,1.5,129.153380,129.153,2778,1130,1648,1.8,25,0.0,0.9,129.153380,129.153,3472,1037,1103,1332,1.7,27,0.0,0.9,129.153380,129.153,3532,1046,1210,1276
21-2-20-0.2-90,500,5,2,20,0.2,90,724,13294,0.4,3,0.0,0.0,103.042409,103.042,1552,685,867,0.6,7,0.0,0.1,103.042409,103.042,1532,685,847,0.3,0,0.0,0.0,103.042409,103.042,1952,687,726,539,0.4,0,0.0,0.0,103.042409,103.042,1908,687,726,495
22-1-20-0.01-10,500,10,1,20,0.01,10,576,10474,5.2,437,0.0,1.3,183.466736,183.467,3396,1375,2021,5.3,435,0.0,1.3,183.466736,183.467,3400,1316,2084,2.4,59,0.0,0.7,183.466736,183.467,4436,1180,1677,1579,2.6,41,0.0,0.6,183.466736,183.467,4430,1205,1476,1749
22-1-20-0.01-50,500,10,1,20,0.01,50,576,10474,1.1,38,0.0,0.3,171.409681,171.410,2271,867,1404,1.0,37,0.0,0.4,171.409681,171.410,2099,810,1289,1.2,13,0.0,0.1,171.409681,171.410,2941,825,976,1140,1.4,9,0.0,0.1,171.409681,171.410,2999,848,960,1191
22-1-20-0.01-90,500,10,1,20,0.01,90,576,10474,0.5,35,0.0,0.3,143.375799,143.376,1665,664,1001,0.5,31,0.0,0.3,143.375799,143.376,1624,641,983,0.6,1,0.0,0.0,143.375799,143.376,2076,679,773,624,0.6,0,0.0,0.0,143.375799,143.376,2209,681,754,774
22-1-20-0.1-10,500,10,1,20,0.1,10,576,10474,4.0,321,0.0,1.2,179.497361,179.497,3036,1251,1785,3.9,316,0.0,1.3,179.497361,179.497,2976,1174,1802,2.2,51,0.0,0.7,179.497361,179.497,3995,1147,1316,1532,2.3,57,0.0,0.6,179.497361,179.497,4066,1128,1375,1563
22-1-20-0.1-50,500,10,1,20,0.1,50,576,10474,0.9,31,0.0,0.2,167.830607,167.831,2114,858,1256,0.9,20,0.0,0.2,167.830607,167.831,1997,802,1195,0.8,0,0.0,0.0,167.830607,167.831,2639,804,916,919,0.8,0,0.0,0.0,167.830607,167.831,2487,771,888,828
22-1-20-0.1-90,500,10,1,20,0.1,90,576,10474,0.5,11,0.0,0.1,139.622391,139.622,1655,660,995,0.6,7,0.0,0.1,139.622391,139.622,1732,693,1039,0.3,0,0.0,0.0,139.622391,139.622,1790,609,733,448,0.4,0,0.0,0.0,139.622391,139.622,1814,612,784,418
22-1-20-0.2-10,500,10,1,20,0.2,10,576,10474,4.4,387,0.0,1.4,175.207660,175.208,2928,1248,1680,3.9,317,0.0,1.2,175.207660,175.208,3355,1337,2018,2.0,49,0.0,0.6,175.207660,175.208,3886,1160,1494,1232,2.5,55,0.0,0.7,175.207660,175.208,3997,1120,1547,1330
22-1-20-0.2-50,500,10,1,20,0.2,50,576,10474,0.8,29,0.0,0.2,163.853857,163.854,2146,881,1265,1.0,14,0.0,0.2,163.853857,163.854,2129,880,1249,0.6,0,0.0,0.0,163.853857,163.854,2462,848,864,750,0.8,0,0.0,0.0,163.853857,163.854,2580,874,882,824
22-1-20-0.2-90,500,10,1,20,0.2,90,576,10474,0.3,7,0.0,0.2,135.451938,135.452,1576,619,957,0.4,3,0.0,0.0,135.451938,135.452,1529,623,906,0.3,0,0.0,0.0,135.451938,135.452,1723,615,732,376,0.4,0,0.0,0.0,135.451938,135.452,1705,615,734,356
22-2-20-0.01-10,500,10,2,20,0.01,10,660,10390,7.1,652,0.0,1.6,184.619499,184.619,3395,1536,1859,5.3,484,0.0,1.4,184.619499,184.619,3386,1424,1962,3.3,63,0.0,0.6,184.619499,184.619,4965,1383,1730,1852,2.8,62,0.0,0.6,184.619499,184.619,4498,1222,1436,1840
22-2-20-0.01-50,500,10,2,20,0.01,50,660,10390,1.4,90,0.0,0.5,171.784961,171.785,2402,977,1425,1.5,91,0.0,0.6,171.784961,171.785,2335,984,1351,1.2,15,0.0,0.2,171.784961,171.785,3459,969,1008,1482,1.5,19,0.0,0.2,171.784961,171.785,3040,886,947,1207
22-2-20-0.01-90,500,10,2,20,0.01,90,660,10390,0.4,24,0.0,0.2,144.548859,144.549,1627,632,995,0.5,15,0.0,0.2,144.548859,144.549,1597,690,907,0.4,0,0.0,0.0,144.548859,144.549,2060,665,743,652,0.6,0,0.0,0.0,144.548859,144.549,1978,629,743,606
22-2-20-0.1-10,500,10,2,20,0.1,10,660,10390,7.8,637,0.0,1.6,180.832451,180.832,3458,1448,2010,5.0,415,0.0,1.2,180.832451,180.832,3577,1391,2186,2.7,66,0.0,0.7,180.832451,180.832,4210,1251,1347,1612,2.6,48,0.0,0.7,180.832451,180.832,3980,1174,1396,1410
22-2-20-0.1-50,500,10,2,20,0.1,50,660,10390,1.0,37,0.0,0.3,168.314657,168.315,2106,894,1212,1.0,43,0.0,0.4,168.314657,168.315,2144,947,1197,1.3,14,0.0,0.0,168.314657,168.315,2940,915,998,1027,1.1,6,0.0,0.0,168.314657,168.315,2754,911,948,895
22-2-20-0.1-90,500,10,2,20,0.1,90,660,10390,0.3,0,0.0,0.0,140.895859,140.896,1531,683,848,0.5,5,0.0,0.1,140.895859,140.896,1452,648,804,0.3,0,0.0,0.0,140.895859,140.896,1788,645,747,396,0.4,0,0.0,0.0,140.895859,140.896,1674,609,741,324
22-2-20-0.2-10,500,10,2,20,0.2,10,660,10390,6.6,580,0.0,1.5,176.624621,176.625,3063,1389,1674,6.6,596,0.0,1.5,176.624621,176.625,2895,1321,1574,3.1,81,0.0,0.8,176.624621,176.625,4465,1246,1279,1940,2.8,76,0.0,0.9,176.624621,176.625,4282,1217,1337,1728
22-2-20-0.2-50,500,10,2,20,0.2,50,660,10390,1.0,50,0.0,0.4,164.458763,164.459,2177,945,1232,1.0,23,0.0,0.3,164.458763,164.459,2097,867,1230,1.2,11,0.0,0.1,164.458763,164.459,2713,901,958,854,1.6,11,0.0,0.1,164.458763,164.459,2845,895,992,958
22-2-20-0.2-90,500,10,2,20,0.2,90,660,10390,0.4,6,0.0,0.0,136.836970,136.837,1647,716,931,0.5,8,0.0,0.2,136.836970,136.837,1628,731,897,0.3,0,0.0,0.0,136.836970,136.837,1790,665,739,386,0.4,0,0.0,0.0,136.836970,136.837,1870,661,789,420
23-1-20-0.01-10,500,50,1,20,0.01,10,600,11818,TL,484394,0.0,0.6,376.240401,376.370,4822,1636,3186,TL,406072,0.1,0.5,376.172839,376.392,4787,1514,3273,1684.4,298571,0.0,0.4,376.240401,376.240,9364,1768,2988,4608,2000.8,237765,0.0,0.4,376.240401,376.240,8174,1590,2798,3786
23-1-20-0.01-50,500,50,1,20,0.01,50,600,11818,462.0,62093,0.0,0.6,359.871748,359.872,4899,1449,3450,398.2,48455,0.0,0.5,359.871748,359.872,4788,1371,3417,90.9,4056,0.0,0.4,359.871748,359.872,6570,1436,2220,2914,88.8,5422,0.0,0.4,359.871748,359.872,6240,1413,2179,2648
23-1-20-0.01-90,500,50,1,20,0.01,90,600,11818,11.9,1919,0.0,0.3,308.610756,308.611,3202,817,2385,15.6,3411,0.0,0.3,308.609119,308.609,2812,846,1966,14.0,1628,0.0,0.2,308.610756,308.611,3449,772,1453,1224,5.9,422,0.0,0.2,308.609119,308.609,2999,760,1281,958
23-1-20-0.1-10,500,50,1,20,0.1,10,600,11818,TL,475651,0.0,0.6,363.515914,363.574,5048,1662,3386,2733.8,338676,0.0,0.5,363.515914,363.516,5003,1593,3410,3109.6,388054,0.0,0.4,363.515914,363.516,9523,1693,2770,5060,2866.6,357161,0.0,0.4,363.515914,363.516,8456,1569,2646,4241
23-1-20-0.1-50,500,50,1,20,0.1,50,600,11818,329.0,53257,0.0,0.6,347.568415,347.568,5043,1226,3817,425.9,71098,0.0,0.4,347.568415,347.568,5579,1464,4115,111.8,6403,0.0,0.4,347.568415,347.568,6845,1388,2267,3190,95.7,4128,0.0,0.4,347.568415,347.568,6505,1318,2207,2980
23-1-20-0.1-90,500,50,1,20,0.1,90,600,11818,12.3,2078,0.0,0.2,296.595033,296.595,2945,799,2146,14.3,3552,0.0,0.2,296.595033,296.595,2402,762,1640,8.1,792,0.0,0.1,296.595033,296.595,3197,764,1369,1064,5.0,393,0.0,0.1,296.595033,296.595,3092,725,1411,956
23-1-20-0.2-10,500,50,1,20,0.2,10,600,11818,623.7,96487,0.0,0.5,350.054601,350.055,4529,1497,3032,474.1,52656,0.0,0.4,350.054601,350.055,4586,1526,3060,172.8,4772,0.0,0.3,350.054601,350.055,8797,1615,2222,4960,134.8,4264,0.0,0.3,350.054601,350.055,7835,1499,2244,4092
23-1-20-0.2-50,500,50,1,20,0.2,50,600,11818,419.6,71992,0.0,0.4,334.298849,334.299,4149,1277,2872,450.1,69212,0.0,0.4,334.298849,334.299,4184,1150,3034,80.2,3889,0.0,0.3,334.298849,334.299,6429,1242,1925,3262,83.8,3650,0.0,0.3,334.298849,334.299,6241,1221,1992,3028
23-1-20-0.2-90,500,50,1,20,0.2,90,600,11818,12.4,2120,0.0,0.3,283.544445,283.544,2661,718,1943,12.9,2340,0.0,0.3,283.544445,283.544,2651,689,1962,19.6,2328,0.0,0.2,283.544445,283.544,3048,675,1415,958,13.3,1364,0.0,0.2,283.544445,283.544,3075,679,1360,1036
23-2-20-0.01-10,500,50,2,20,0.01,10,718,11700,1622.5,276159,0.0,0.6,377.840822,377.841,5965,2554,3411,2381.7,305595,0.0,0.6,377.841172,377.841,4666,1487,3179,293.7,15821,0.0,0.4,377.840822,377.841,9389,1880,2249,5260,202.7,8750,0.0,0.4,377.840822,377.841,7253,1595,2056,3602
23-2-20-0.01-50,500,50,2,20,0.01,50,718,11700,1754.2,259530,0.0,0.9,361.729744,361.730,4992,1572,3420,930.7,127379,0.0,0.7,361.729744,361.730,4804,1482,3322,144.7,7761,0.0,0.5,361.729744,361.730,8506,1607,2681,4218,153.4,6933,0.0,0.5,361.729744,361.730,7264,1506,2420,3338
23-2-20-0.01-90,500,50,2,20,0.01,90,718,11700,14.7,2425,0.0,0.3,311.684774,311.685,3148,926,2222,13.0,2565,0.0,0.3,311.684774,311.685,2834,845,1989,9.4,824,0.0,0.2,311.684774,311.685,3190,723,1355,1112,5.0,368,0.0,0.2,311.684774,311.685,3060,713,1475,872
23-2-20-0.1-10,500,50,2,20,0.1,10,718,11700,631.4,80738,0.0,0.5,365.779787,365.780,4552,1565,2987,721.6,79278,0.0,0.4,365.779787,365.780,4334,1481,2853,188.7,7804,0.0,0.3,365.779787,365.780,8887,1664,2189,5034,111.5,3352,0.0,0.3,365.779787,365.780,7141,1453,2086,3602
23-2-20-0.1-50,500,50,2,20,0.1,50,718,11700,2185.1,336473,0.0,0.8,350.039179,350.039,4577,1318,3259,1513.5,190789,0.0,0.7,350.039179,350.039,4609,1252,3357,170.1,8898,0.0,0.5,350.039179,350.039,7917,1432,2217,4268,156.3,8113,0.0,0.5,350.039179,350.039,6963,1390,2135,3438
23-2-20-0.1-90,500,50,2,20,0.1,90,718,11700,8.8,1134,0.0,0.3,300.466646,300.467,2606,753,1853,11.4,1813,0.0,0.2,300.466646,300.467,2532,740,1792,3.2,233,0.0,0.1,300.466646,300.467,2969,754,1279,936,2.0,100,0.0,0.1,300.466646,300.467,2802,718,1258,826
23-2-20-0.2-10,500,50,2,20,0.2,10,718,11700,485.5,70885,0.0,0.5,352.836742,352.837,4296,1620,2676,312.5,33378,0.0,0.4,352.836742,352.837,4220,1407,2813,94.3,2577,0.0,0.2,352.836742,352.837,7843,1483,2073,4287,92.1,3187,0.0,0.2,352.832235,352.832,6906,1432,1850,3624
23-2-20-0.2-50,500,50,2,20,0.2,50,718,11700,453.0,68388,0.0,0.8,337.640677,337.641,5424,1644,3780,882.7,136172,0.0,0.7,337.640223,337.640,4268,1225,3043,99.6,4609,0.0,0.4,337.640677,337.641,8534,1438,2460,4636,141.2,6717,0.0,0.4,337.640677,337.641,7217,1305,2174,3738
23-2-20-0.2-90,500,50,2,20,0.2,90,718,11700,9.2,1132,0.0,0.3,288.243655,288.244,2724,858,1866,12.6,2979,0.0,0.2,288.243655,288.244,2198,668,1530,2.7,148,0.0,0.1,288.243655,288.244,2833,724,1345,764,3.1,216,0.0,0.1,288.243655,288.244,2661,664,1195,802
24-1-20-0.01-10,500,100,1,20,0.01,10,596,11906,TL,207106,0.4,1.1,441.103012,442.969,5296,1988,3308,TL,241329,0.3,0.9,441.330971,442.707,5086,1826,3260,TL,161367,0.3,0.7,441.412644,442.648,13144,2624,2828,7692,TL,206423,0.2,0.6,441.495691,442.493,10043,2056,2913,5074
24-1-20-0.01-50,500,100,1,20,0.01,50,596,11906,TL,324293,0.2,0.9,425.898087,426.806,4779,1767,3012,TL,304353,0.1,0.7,426.029930,426.538,4599,1523,3076,TL,283982,0.1,0.4,426.040841,426.318,8692,1814,2414,4464,896.5,78721,0.0,0.3,426.082222,426.082,7162,1600,2404,3158
24-1-20-0.01-90,500,100,1,20,0.01,90,596,11906,343.6,65788,0.0,0.4,347.579348,347.579,4175,1099,3076,81.5,15043,0.0,0.4,347.579348,347.579,3560,1035,2525,46.0,2834,0.0,0.3,347.579348,347.579,5763,1102,2013,2648,78.9,9550,0.0,0.3,347.579348,347.579,5732,1053,2139,2540
24-1-20-0.1-10,500,100,1,20,0.1,10,596,11906,TL,250446,0.3,1.1,427.327670,428.593,4992,1768,3224,TL,240335,0.2,0.8,427.461607,428.523,4751,1679,3072,TL,228426,0.2,0.6,427.529532,428.495,12001,2044,2705,7252,TL,116568,0.1,0.5,427.665862,428.253,9754,1877,2479,5398
24-1-20-0.1-50,500,100,1,20,0.1,50,596,11906,TL,371214,0.1,0.8,412.289925,412.677,4454,1481,2973,819.3,101044,0.0,0.6,412.400094,412.400,4462,1422,3040,769.8,105127,0.0,0.3,412.400094,412.400,7211,1497,2294,3420,662.0,80115,0.0,0.3,412.400094,412.400,6812,1361,2379,3072
24-1-20-0.1-90,500,100,1,20,0.1,90,596,11906,457.3,103514,0.0,0.4,335.203923,335.204,3845,949,2896,72.1,12970,0.0,0.3,335.203923,335.204,3600,950,2650,90.3,11322,0.0,0.3,335.204000,335.204,5516,1013,2045,2458,85.1,10496,0.0,0.2,335.204000,335.204,5212,972,1920,2320
24-1-20-0.2-10,500,100,1,20,0.2,10,596,11906,TL,264603,0.2,0.9,412.903815,413.819,4678,1654,3024,TL,240203,0.1,0.7,413.193243,413.666,4436,1489,2947,TL,213211,0.1,0.4,413.141222,413.565,10478,1837,2221,6420,TL,147213,0.0,0.3,413.309600,413.340,9366,1680,2238,5448
24-1-20-0.2-50,500,100,1,20,0.2,50,596,11906,2992.0,464512,0.0,0.6,397.605490,397.605,4380,1370,3010,1764.0,260937,0.0,0.5,397.605490,397.605,4126,1229,2897,151.3,12497,0.0,0.2,397.605490,397.605,6429,1370,1839,3220,230.7,17320,0.0,0.2,397.605490,397.605,5967,1272,1943,2752
24-1-20-0.2-90,500,100,1,20,0.2,90,596,11906,112.0,19689,0.0,0.4,322.099411,322.099,3962,988,2974,159.3,34837,0.0,0.4,322.113783,322.114,3691,926,2765,61.3,8021,0.0,0.2,322.113783,322.114,5035,993,1798,2244,105.1,16420,0.0,0.2,322.113783,322.114,4622,955,1627,2040
24-2-20-0.01-10,500,100,2,20,0.01,10,698,11804,TL,232919,0.5,1.2,442.999765,445.085,5432,2155,3277,TL,215030,0.3,0.9,443.614067,444.860,5182,1817,3365,TL,216819,0.3,0.7,443.619693,444.877,12459,2386,2875,7198,TL,229519,0.2,0.6,443.641208,444.679,10235,2017,2912,5306
24-2-20-0.01-50,500,100,2,20,0.01,50,698,11804,TL,288062,0.2,0.9,428.804466,429.851,4661,1765,2896,TL,301547,0.1,0.7,428.991314,429.484,4741,1502,3239,2259.8,212180,0.0,0.5,429.001843,429.002,8853,1723,2276,4854,1116.1,91731,0.0,0.4,429.001843,429.002,6641,1462,2273,2906
24-2-20-0.01-90,500,100,2,20,0.01,90,698,11804,653.7,101758,0.0,0.6,352.310454,352.310,4685,1248,3437,341.1,60740,0.0,0.6,352.310454,352.310,4429,1175,3254,133.0,15470,0.0,0.4,352.310454,352.310,6224,1130,2108,2986,74.2,6369,0.0,0.3,352.310454,352.310,5904,1084,2016,2804
24-2-20-0.1-10,500,100,2,20,0.1,10,698,11804,TL,205040,0.3,1.1,430.100384,431.498,4804,1786,3018,TL,262422,0.2,0.9,430.222650,431.260,4983,1663,3320,TL,228676,0.2,0.6,430.170176,431.202,12277,2173,2774,7330,TL,224646,0.2,0.5,430.077765,431.158,11216,2068,3138,6010
24-2-20-0.1-50,500,100,2,20,0.1,50,698,11804,TL,405719,0.1,0.8,415.875332,416.235,4513,1321,3192,TL,407632,0.0,0.6,415.977692,416.092,3782,1253,2529,1001.8,132778,0.0,0.3,415.977692,415.978,7811,1408,2633,3770,191.9,13048,0.0,0.3,415.977692,415.978,6282,1299,2025,2958
24-2-20-0.1-90,500,100,2,20,0.1,90,698,11804,2861.8,528284,0.0,0.7,340.585009,340.585,3723,1022,2701,679.0,111635,0.0,0.6,340.585009,340.585,3833,971,2862,491.1,85057,0.0,0.4,340.585009,340.585,6179,1016,2317,2846,839.8,156405,0.0,0.3,340.585009,340.585,5761,987,2240,2534
24-2-20-0.2-10,500,100,2,20,0.2,10,698,11804,TL,278797,0.3,1.2,415.847324,417.182,4487,1607,2880,TL,250122,0.1,0.8,416.522797,417.118,4514,1444,3070,TL,199650,0.2,0.5,416.259799,416.910,12240,2022,2386,7832,3170.1,127567,0.0,0.3,416.618291,416.618,9946,1723,2291,5932
24-2-20-0.2-50,500,100,2,20,0.2,50,698,11804,464.6,71627,0.0,0.6,402.161801,402.162,3976,1230,2746,709.8,97933,0.0,0.5,402.161801,402.162,3858,1141,2717,251.9,27463,0.0,0.2,402.161801,402.162,6915,1258,2007,3650,80.4,4037,0.0,0.2,402.161801,402.162,5753,1210,1721,2822
24-2-20-0.2-90,500,100,2,20,0.2,90,698,11804,436.3,87943,0.0,0.7,328.420575,328.421,3555,926,2629,190.9,32400,0.0,0.6,328.420575,328.421,3649,931,2718,37.5,2546,0.0,0.3,328.420575,328.421,5382,925,1771,2686,114.8,15074,0.0,0.3,328.420575,328.421,5358,906,1760,2692
25-1-20-0.01-10,500,167,1,20,0.01,10,610,14610,TL,130655,1.1,2.2,481.516395,486.703,6392,2271,4121,TL,193981,0.3,1.2,484.766075,486.197,4878,1632,3246,TL,57103,0.8,1.2,482.809311,486.471,16124,2435,3077,10612,TL,142633,0.4,0.8,483.884399,486.081,9768,1693,2655,5420
25-1-20-0.01-50,500,167,1,20,0.01,50,610,14610,TL,180375,0.7,1.9,471.708935,475.262,6041,2367,3674,TL,224422,0.3,1.3,473.298736,474.645,5219,1624,3595,TL,128931,0.4,0.8,472.902632,474.770,11309,2367,2802,6140,TL,214763,0.3,0.6,473.259088,474.488,9830,2037,3115,4678
25-1-20-0.01-90,500,167,1,20,0.01,90,610,14610,177.5,32599,0.0,0.5,418.812375,418.812,3863,1385,2478,27.2,3197,0.0,0.5,418.812375,418.812,3223,1055,2168,26.9,1171,0.0,0.2,418.812375,418.812,4928,924,1536,2468,31.5,1792,0.0,0.1,418.812375,418.812,4411,841,1398,2172
25-1-20-0.1-10,500,167,1,20,0.1,10,610,14610,TL,142053,0.9,2.3,467.137482,471.503,5199,1845,3354,TL,142209,0.3,1.4,469.610912,471.240,4158,1470,2688,TL,115775,0.4,0.9,468.982477,471.061,14230,2091,2749,9390,TL,162545,0.3,0.6,469.729018,470.996,10130,1636,2700,5794
25-1-20-0.1-50,500,167,1,20,0.1,50,610,14610,TL,181742,0.6,1.9,456.986847,459.925,5097,1681,3416,TL,178782,0.2,1.2,458.399242,459.340,4841,1395,3446,TL,240473,0.2,0.6,458.319779,459.314,11111,2024,3145,5942,TL,123144,0.1,0.5,458.482938,459.040,9075,1739,2958,4378
25-1-20-0.1-90,500,167,1,20,0.1,90,610,14610,48.0,7522,0.0,0.5,406.781326,406.781,3040,909,2131,59.2,8385,0.0,0.5,406.781326,406.781,2735,844,1891,33.1,2248,0.0,0.1,406.781326,406.781,4471,817,1338,2316,66.6,10177,0.0,0.1,406.781326,406.781,3765,771,1272,1722
25-1-20-0.2-10,500,167,1,20,0.2,10,610,14610,TL,148157,0.7,2.0,452.363588,455.410,5153,1720,3433,TL,137015,0.3,1.3,453.981973,455.189,4486,1439,3047,TL,140257,0.4,0.7,453.553385,455.224,14520,1928,2950,9642,TL,105743,0.3,0.5,453.795161,455.122,10114,1512,2282,6320
25-1-20-0.2-50,500,167,1,20,0.2,50,610,14610,TL,182898,0.5,1.9,441.475695,443.828,4659,1488,3171,TL,199494,0.2,1.3,442.500578,443.514,4379,1352,3027,TL,200234,0.1,0.5,442.596466,443.265,9062,1633,2249,5180,TL,206770,0.1,0.4,442.779348,443.175,7853,1325,2606,3922
25-1-20-0.2-90,500,167,1,20,0.2,90,610,14610,22.3,2078,0.0,0.5,393.783024,393.783,3030,889,2141,51.4,6363,0.0,0.5,393.783171,393.783,3027,858,2169,31.4,1721,0.0,0.2,393.783171,393.783,4819,833,1404,2582,33.6,2093,0.0,0.1,393.783171,393.783,4546,772,1476,2298
25-2-20-0.01-10,500,167,2,20,0.01,10,716,14504,TL,131559,1.0,2.2,482.903921,487.657,5684,2104,3580,TL,130824,0.3,1.3,485.502036,487.216,4479,1585,2894,TL,80801,1.0,1.5,482.581278,487.540,16798,2503,3429,10866,TL,191088,0.3,0.6,485.423275,487.061,10654,1735,2983,5936
25-2-20-0.01-50,500,167,2,20,0.01,50,716,14504,TL,157104,1.0,2.1,472.329643,476.996,5506,2089,3417,TL,195951,0.4,1.4,474.357498,476.201,5292,1719,3573,TL,184727,0.8,1.3,472.450363,476.298,12229,2260,3135,6834,TL,144203,0.3,0.7,474.660037,475.927,8938,1847,2717,4374
25-2-20-0.01-90,500,167,2,20,0.01,90,716,14504,784.8,151218,0.0,0.8,424.695082,424.695,3201,1050,2151,56.0,9486,0.0,0.7,424.695082,424.695,2958,960,1998,45.1,3136,0.0,0.3,424.695082,424.695,5285,865,1538,2882,64.2,8376,0.0,0.2,424.695082,424.695,4810,811,1395,2604
25-2-20-0.1-10,500,167,2,20,0.1,10,716,14504,TL,118239,0.9,2.2,469.136987,473.439,5416,2283,3133,TL,139490,0.4,1.5,470.923619,472.784,4904,1993,2911,TL,117604,0.7,1.1,469.526705,472.906,17013,2429,3124,11460,TL,105844,0.3,0.6,471.082838,472.575,12198,2005,3271,6922
25-2-20-0.1-50,500,167,2,20,0.1,50,716,14504,TL,157825,0.8,2.0,458.947608,462.486,5144,1765,3379,TL,159315,0.4,1.5,460.294955,462.018,4144,1369,2775,TL,209411,0.6,1.0,458.993129,461.738,10934,1915,2749,6270,TL,233980,0.2,0.6,460.556689,461.527,8777,1551,2620,4606
25-2-20-0.1-90,500,167,2,20,0.1,90,716,14504,267.8,46292,0.0,0.7,413.136035,413.136,3413,981,2432,134.3,20637,0.0,0.7,413.136035,413.136,2911,917,1994,44.1,3013,0.0,0.3,413.138024,413.138,5100,871,1437,2792,37.0,2023,0.0,0.2,413.138024,413.138,5306,790,1700,2816
25-2-20-0.2-10,500,167,2,20,0.2,10,716,14504,TL,141278,0.7,2.1,455.530851,458.511,4592,1614,2978,TL,142414,0.4,1.5,456.524147,458.537,3959,1387,2572,TL,138954,0.5,0.9,455.900734,458.279,15244,1859,2643,10742,TL,123703,0.3,0.6,456.825368,458.237,11423,1513,2490,7420
25-2-20-0.2-50,500,167,2,20,0.2,50,716,14504,TL,191280,0.6,1.9,444.497170,447.151,4878,1633,3245,TL,178699,0.3,1.5,445.320265,446.850,4635,1370,3265,TL,186933,0.3,0.6,445.380728,446.563,10528,1777,2659,6092,TL,222386,0.2,0.5,445.632163,446.468,8800,1505,2765,4530
25-2-20-0.2-90,500,167,2,20,0.2,90,716,14504,863.7,142570,0.0,0.9,400.630142,400.630,3061,944,2117,532.3,84793,0.0,0.8,400.630142,400.630,2987,935,2052,96.7,11336,0.0,0.4,400.630142,400.630,5771,874,1529,3368,76.0,8823,0.0,0.3,400.630142,400.630,5497,857,1524,3116
26-1-20-0.01-10,600,5,1,20,0.01,10,742,31124,1.7,34,0.0,0.7,263.858658,263.859,3784,1356,2428,1.7,32,0.0,0.6,263.858658,263.859,3552,1175,2377,2.5,15,0.0,0.4,263.858658,263.859,4480,1086,1704,1690,2.7,15,0.0,0.4,263.858658,263.859,4692,1224,2144,1324
26-1-20-0.01-50,600,5,1,20,0.01,50,742,31124,0.7,7,0.0,0.1,250.203600,250.204,2092,949,1143,1.0,7,0.0,0.1,250.203600,250.204,2108,954,1154,0.7,0,0.0,0.0,250.203600,250.204,2406,766,1044,596,0.8,0,0.0,0.0,250.203600,250.204,2408,766,1044,598
26-1-20-0.01-90,600,5,1,20,0.01,90,742,31124,1.0,6,0.0,0.0,168.046548,168.047,2607,901,1706,1.1,4,0.0,0.1,168.046548,168.047,2399,870,1529,1.5,0,0.0,0.0,168.046548,168.047,2913,843,1290,780,1.6,0,0.0,0.0,168.046548,168.047,2908,843,1273,792
26-1-20-0.1-10,600,5,1,20,0.1,10,742,31124,1.4,24,0.0,0.4,257.160729,257.161,3408,1271,2137,1.6,23,0.0,0.5,257.160729,257.161,3452,1234,2218,2.5,9,0.0,0.2,257.160729,257.161,4401,1209,2118,1074,2.9,9,0.0,0.2,257.160729,257.161,5071,1300,2239,1532
26-1-20-0.1-50,600,5,1,20,0.1,50,742,31124,0.9,9,0.0,0.1,242.441031,242.441,2397,956,1441,1.0,7,0.0,0.1,242.441031,242.441,2403,936,1467,1.1,3,0.0,0.0,242.441031,242.441,2437,750,1029,658,1.1,3,0.0,0.0,242.441031,242.441,2344,726,1012,606
26-1-20-0.1-90,600,5,1,20,0.1,90,742,31124,0.4,0,0.0,0.0,162.511417,162.511,1794,761,1033,1.1,0,0.0,0.0,162.511417,162.511,1749,763,986,0.6,0,0.0,0.0,162.511417,162.511,2124,805,917,402,0.9,0,0.0,0.0,162.511417,162.511,1995,756,929,310
26-1-20-0.2-10,600,5,1,20,0.2,10,742,31124,1.4,23,0.0,0.5,249.718587,249.719,3235,1293,1942,1.4,22,0.0,0.5,249.718587,249.719,3078,1334,1744,2.1,9,0.0,0.2,249.718587,249.719,4242,1200,1799,1243,2.5,7,0.0,0.3,249.718587,249.719,4307,1177,1918,1212
26-1-20-0.2-50,600,5,1,20,0.2,50,742,31124,0.8,9,0.0,0.1,234.982480,234.982,2129,870,1259,0.9,9,0.0,0.1,234.982480,234.982,2395,940,1455,0.6,0,0.0,0.0,234.982480,234.982,2336,728,954,654,0.6,0,0.0,0.0,234.982480,234.982,2274,700,950,624
26-1-20-0.2-90,600,5,1,20,0.2,90,742,31124,0.6,2,0.0,0.0,156.659342,156.659,1883,841,1042,0.8,5,0.0,0.2,156.659342,156.659,2105,840,1265,0.7,0,0.0,0.0,156.659342,156.659,2382,798,837,747,0.8,0,0.0,0.0,156.659342,156.659,2382,798,837,747
26-2-20-0.01-10,600,5,2,20,0.01,10,912,30954,2.0,29,0.0,0.6,265.137292,265.137,4264,1348,2916,1.8,31,0.0,0.6,265.137292,265.137,3801,1318,2483,2.4,13,0.0,0.3,265.137292,265.137,4467,1245,1755,1467,2.4,13,0.0,0.5,265.137292,265.137,4327,1141,1830,1356
26-2-20-0.01-50,600,5,2,20,0.01,50,912,30954,0.8,9,0.0,0.1,251.546656,251.547,2134,974,1160,0.8,7,0.0,0.1,251.546656,251.547,2097,949,1148,0.7,0,0.0,0.0,251.546656,251.547,2399,762,1031,606,0.7,0,0.0,0.0,251.546656,251.547,2369,762,1031,576
26-2-20-0.01-90,600,5,2,20,0.01,90,912,30954,1.0,7,0.0,0.0,168.634126,168.634,2459,805,1654,1.1,5,0.0,0.1,168.634126,168.634,2464,821,1643,1.6,2,0.0,0.0,168.634126,168.634,2854,823,1241,790,1.7,2,0.0,0.0,168.634126,168.634,2845,833,1236,776
26-2-20-0.1-10,600,5,2,20,0.1,10,912,30954,1.2,34,0.0,0.5,258.644453,258.644,2941,1069,1872,1.8,31,0.0,0.5,258.644453,258.644,3234,1137,2097,2.5,13,0.0,0.3,258.644453,258.644,4642,1209,2024,1409,2.6,11,0.0,0.3,258.644453,258.644,4573,1209,2006,1358
26-2-20-0.1-50,600,5,2,20,0.1,50,912,30954,0.8,5,0.0,0.1,244.217792,244.218,2287,938,1349,0.9,9,0.0,0.1,244.217792,244.218,2174,870,1304,0.9,3,0.0,0.0,244.217792,244.218,2379,752,955,672,0.9,0,0.0,0.0,244.217792,244.218,2262,700,1002,560
26-2-20-0.1-90,600,5,2,20,0.1,90,912,30954,0.5,0,0.0,0.0,163.364885,163.365,1849,760,1089,0.8,0,0.0,0.0,163.364885,163.365,1854,760,1094,0.5,0,0.0,0.0,163.364885,163.365,1959,760,893,306,1.0,0,0.0,0.0,163.364885,163.365,2056,760,988,308
26-2-20-0.2-10,600,5,2,20,0.2,10,912,30954,1.5,21,0.0,0.5,251.430186,251.430,3400,1306,2094,1.5,23,0.0,0.5,251.430186,251.430,3013,1258,1755,2.3,9,0.0,0.3,251.430186,251.430,4563,1203,2076,1284,2.9,13,0.0,0.4,251.430186,251.430,4693,1244,2202,1247
26-2-20-0.2-50,600,5,2,20,0.2,50,912,30954,0.8,7,0.0,0.1,236.958543,236.959,2322,948,1374,1.0,17,0.0,0.3,236.958543,236.959,2389,935,1454,0.8,0,0.0,0.0,236.958543,236.959,3053,962,895,1196,0.9,0,0.0,0.0,236.958543,236.959,2902,938,874,1090
26-2-20-0.2-90,600,5,2,20,0.2,90,912,30954,0.5,0,0.0,0.0,157.580321,157.580,1952,847,1105,0.6,0,0.0,0.0,157.580321,157.580,1959,850,1109,0.6,0,0.0,0.0,157.580321,157.580,2387,807,836,744,0.7,0,0.0,0.0,157.580321,157.580,2387,807,836,744
27-1-20-0.01-10,600,10,1,20,0.01,10,746,33786,9.8,593,0.0,0.8,355.802462,355.802,3608,1251,2357,11.1,559,0.0,0.7,355.802462,355.802,3490,1223,2267,4.8,75,0.0,0.4,355.802462,355.802,4061,1058,1685,1318,4.4,93,0.0,0.4,355.802462,355.802,4267,1082,1843,1342
27-1-20-0.01-50,600,10,1,20,0.01,50,746,33786,1.4,44,0.0,0.2,341.344129,341.344,2269,919,1350,1.1,37,0.0,0.2,341.344129,341.344,2339,873,1466,2.0,12,0.0,0.0,341.344129,341.344,3015,880,1237,898,1.7,11,0.0,0.0,341.344129,341.344,3037,871,1246,920
27-1-20-0.01-90,600,10,1,20,0.01,90,746,33786,1.1,33,0.0,0.2,252.774459,252.774,3163,1224,1939,1.6,28,0.0,0.2,252.774459,252.774,2787,1169,1618,2.0,19,0.0,0.1,252.774459,252.774,3622,1134,1518,970,2.2,16,0.0,0.2,252.774459,252.774,3278,1083,1341,854
27-1-20-0.1-10,600,10,1,20,0.1,10,746,33786,9.8,723,0.0,0.8,343.401485,343.401,3354,1171,2183,10.3,774,0.0,0.8,343.401485,343.401,3197,1107,2090,5.3,87,0.0,0.4,343.401485,343.401,4402,1015,1930,1457,5.6,102,0.0,0.5,343.401485,343.401,4272,1020,1745,1507
27-1-20-0.1-50,600,10,1,20,0.1,50,746,33786,1.1,24,0.0,0.1,329.385334,329.385,2247,858,1389,1.2,28,0.0,0.1,329.385334,329.385,2194,859,1335,1.2,5,0.0,0.0,329.385334,329.385,2502,847,1055,600,1.2,2,0.0,0.0,329.385334,329.385,2428,825,1057,546
27-1-20-0.1-90,600,10,1,20,0.1,90,746,33786,1.4,31,0.0,0.2,244.756968,244.757,3418,1161,2257,1.6,25,0.0,0.2,244.756968,244.757,2992,1153,1839,2.1,13,0.0,0.1,244.756968,244.757,3616,1149,1301,1166,2.4,17,0.0,0.2,244.756968,244.757,3942,1144,1320,1478
27-1-20-0.2-10,600,10,1,20,0.2,10,746,33786,5.8,331,0.0,0.6,330.465067,330.465,3135,1111,2024,6.7,411,0.0,0.7,330.465067,330.465,2983,1040,1943,4.0,64,0.0,0.4,330.465067,330.465,3796,1002,1394,1400,3.7,42,0.0,0.4,330.465067,330.465,3947,994,1542,1411
27-1-20-0.2-50,600,10,1,20,0.2,50,746,33786,1.0,11,0.0,0.0,316.097784,316.098,2497,901,1596,1.1,21,0.0,0.1,316.097784,316.098,2518,1031,1487,1.1,0,0.0,0.0,316.097784,316.098,2631,840,1207,584,1.5,2,0.0,0.0,316.097784,316.098,2672,849,1221,602
27-1-20-0.2-90,600,10,1,20,0.2,90,746,33786,1.2,34,0.0,0.3,236.232629,236.233,3161,1113,2048,1.4,25,0.0,0.2,236.218924,236.219,3078,1089,1989,2.2,17,0.0,0.2,236.232629,236.233,3849,1076,1475,1298,2.5,19,0.0,0.1,236.232629,236.233,3973,1100,1585,1288
27-2-20-0.01-10,600,10,2,20,0.01,10,920,33612,12.3,811,0.0,0.9,356.497556,356.498,3554,1312,2242,11.4,785,0.0,0.8,356.497556,356.498,3213,1136,2077,5.0,79,0.0,0.4,356.497556,356.498,4405,1127,1849,1429,6.2,84,0.0,0.4,356.497556,356.498,4146,1077,1717,1352
27-2-20-0.01-50,600,10,2,20,0.01,50,920,33612,1.1,29,0.0,0.2,342.057748,342.058,2424,865,1559,1.1,30,0.0,0.2,342.057748,342.058,2238,952,1286,1.3,6,0.0,0.0,342.057748,342.058,2735,830,1127,778,1.6,11,0.0,0.0,342.057748,342.058,2764,817,1173,774
27-2-20-0.01-90,600,10,2,20,0.01,90,920,33612,1.6,36,0.0,0.3,254.061374,254.061,3032,1276,1756,1.8,34,0.0,0.3,254.061374,254.061,2950,1161,1789,2.4,24,0.0,0.2,254.061374,254.061,3715,1122,1321,1272,2.9,13,0.0,0.2,254.061374,254.061,3791,1128,1545,1118
27-2-20-0.1-10,600,10,2,20,0.1,10,920,33612,9.2,597,0.0,0.7,344.662050,344.662,3470,1206,2264,8.0,524,0.0,0.7,344.662050,344.662,3324,1106,2218,4.8,100,0.0,0.5,344.662050,344.662,4161,1074,1607,1480,7.3,92,0.0,0.5,344.662050,344.662,4511,1168,1831,1512
27-2-20-0.1-50,600,10,2,20,0.1,50,920,33612,1.2,41,0.0,0.2,330.445894,330.446,2273,994,1279,1.3,31,0.0,0.1,330.445894,330.446,2331,825,1506,1.5,5,0.0,0.0,330.445894,330.446,2503,821,1120,562,1.4,5,0.0,0.0,330.445894,330.446,2429,822,1095,512
27-2-20-0.1-90,600,10,2,20,0.1,90,920,33612,1.4,34,0.0,0.3,246.295425,246.295,3163,1209,1954,1.4,42,0.0,0.4,246.295425,246.295,2899,1235,1664,2.5,18,0.0,0.2,246.295425,246.295,3988,1275,1415,1298,2.0,22,0.0,0.2,246.295425,246.295,3845,1263,1276,1306
27-2-20-0.2-10,600,10,2,20,0.2,10,920,33612,7.1,421,0.0,0.7,332.313387,332.313,3008,1052,1956,5.2,266,0.0,0.6,332.313387,332.313,3024,1105,1919,2.8,31,0.0,0.3,332.313387,332.313,3482,960,1394,1128,3.0,37,0.0,0.2,332.313387,332.313,3517,914,1465,1138
27-2-20-0.2-50,600,10,2,20,0.2,50,920,33612,1.3,41,0.0,0.2,317.589175,317.589,2943,1133,1810,1.4,36,0.0,0.2,317.589175,317.589,2823,1108,1715,1.4,7,0.0,0.0,317.589175,317.589,3172,1108,1288,776,1.7,7,0.0,0.0,317.589175,317.589,3244,1118,1334,792
27-2-20-0.2-90,600,10,2,20,0.2,90,920,33612,1.0,27,0.0,0.1,238.217578,238.218,2910,1149,1761,1.4,29,0.0,0.2,238.217578,238.218,2920,1164,1756,2.1,12,0.0,0.1,238.217578,238.218,3885,1149,1568,1168,2.0,13,0.0,0.1,238.217578,238.218,3694,1151,1343,1200
28-1-20-0.01-10,600,60,1,20,0.01,10,760,34540,TL,209094,0.2,0.5,520.279605,521.306,6531,2843,3688,TL,152936,0.2,0.5,520.236264,521.277,6743,2723,4020,TL,202594,0.1,0.4,520.290916,521.123,10715,2511,3486,4718,TL,168844,0.1,0.4,520.377208,521.102,8742,2082,3225,3435
28-1-20-0.01-50,600,60,1,20,0.01,50,760,34540,TL,212106,0.1,0.4,510.946430,511.682,6628,1955,4673,TL,185392,0.1,0.5,510.992413,511.568,6034,1712,4322,TL,165688,0.1,0.4,511.003919,511.463,9332,2178,3742,3412,TL,168412,0.1,0.3,511.022340,511.525,8590,2063,3497,3030
28-1-20-0.01-90,600,60,1,20,0.01,90,760,34540,15.6,1778,0.0,0.2,464.864010,464.864,3145,990,2155,16.2,1845,0.0,0.2,464.864010,464.864,3341,993,2348,17.9,1006,0.0,0.1,464.864010,464.864,3281,971,1440,870,11.7,411,0.0,0.1,464.864010,464.864,3233,964,1419,850
28-1-20-0.1-10,600,60,1,20,0.1,10,760,34540,TL,212602,0.2,0.5,501.524963,502.367,4833,1946,2887,TL,161435,0.1,0.4,501.649004,502.166,5683,2045,3638,TL,175191,0.1,0.3,501.588582,502.135,8733,2188,2479,4066,TL,200282,0.1,0.3,501.652799,502.092,8898,2103,3158,3637
28-1-20-0.1-50,600,60,1,20,0.1,50,760,34540,TL,228798,0.1,0.5,491.605827,492.098,5108,1772,3336,TL,251824,0.1,0.4,491.595109,491.959,5111,1579,3532,TL,183398,0.1,0.3,491.583948,491.881,7583,1875,2742,2966,TL,141112,0.0,0.3,491.586649,491.864,7363,1847,2825,2691
28-1-20-0.1-90,600,60,1,20,0.1,90,760,34540,32.3,5088,0.0,0.2,444.685067,444.685,3432,1006,2426,36.5,5939,0.0,0.2,444.685067,444.685,3775,1143,2632,39.7,4188,0.0,0.1,444.685067,444.685,4042,1033,2113,896,29.7,2902,0.0,0.1,444.685067,444.685,3585,1008,1801,776
28-1-20-0.2-10,600,60,1,20,0.2,10,760,34540,TL,210535,0.1,0.6,481.053428,481.789,5185,1959,3226,TL,168905,0.1,0.4,481.170833,481.745,5158,1751,3407,TL,197129,0.1,0.3,481.103264,481.661,8403,1839,2702,3862,TL,207433,0.1,0.3,481.165219,481.601,8752,1906,3022,3824
28-1-20-0.2-50,600,60,1,20,0.2,50,760,34540,TL,253776,0.0,0.4,470.454095,470.658,5932,1533,4399,3156.3,274982,0.0,0.3,470.499217,470.499,5078,1456,3622,3203.1,313750,0.0,0.3,470.499217,470.499,8162,1615,3889,2658,1953.8,174843,0.0,0.2,470.499217,470.499,7369,1468,4097,1804
28-1-20-0.2-90,600,60,1,20,0.2,90,760,34540,21.0,2291,0.0,0.2,422.817900,422.818,3273,857,2416,23.3,2837,0.0,0.2,422.817900,422.818,3073,884,2189,19.1,977,0.0,0.1,422.817900,422.818,3259,904,1445,910,18.3,930,0.0,0.1,422.817900,422.818,3175,888,1407,880
28-2-20-0.01-10,600,60,2,20,0.01,10,924,34376,TL,188183,0.2,0.6,520.874835,521.987,6064,2493,3571,TL,140786,0.2,0.6,520.773606,521.937,5808,2163,3645,TL,154561,0.1,0.5,520.976592,521.779,9475,2417,2766,4292,TL,147166,0.2,0.4,520.933545,521.788,9468,2437,3074,3957
28-2-20-0.01-50,600,60,2,20,0.01,50,924,34376,TL,177342,0.2,0.5,511.250212,512.119,6321,2138,4183,TL,174472,0.1,0.5,511.279517,511.914,5806,2008,3798,TL,147662,0.1,0.4,511.287211,511.781,8979,2325,3211,3443,TL,155048,0.1,0.4,511.312325,511.854,8466,2234,3345,2887
28-2-20-0.01-90,600,60,2,20,0.01,90,924,34376,159.1,22992,0.0,0.6,466.361882,466.362,3980,1223,2757,159.9,26353,0.0,0.5,466.361882,466.362,4033,1036,2997,51.1,4986,0.0,0.2,466.361882,466.362,4269,1108,1853,1308,52.4,6208,0.0,0.2,466.361882,466.362,4089,1082,1851,1156
28-2-20-0.1-10,600,60,2,20,0.1,10,924,34376,TL,199836,0.2,0.6,503.290800,504.221,4849,1945,2904,TL,159122,0.1,0.5,503.424262,504.109,5260,1903,3357,TL,186007,0.1,0.4,503.417383,504.127,9040,2097,2947,3996,TL,186900,0.1,0.4,503.342793,504.013,8114,1918,3173,3023
28-2-20-0.1-50,600,60,2,20,0.1,50,924,34376,TL,238508,0.1,0.6,492.972203,493.527,4408,1760,2648,TL,171284,0.0,0.4,493.061241,493.309,4802,1653,3149,TL,311838,0.0,0.3,493.048264,493.320,7814,1954,2928,2932,TL,246641,0.0,0.3,493.062367,493.339,6888,1676,3142,2070
28-2-20-0.1-90,600,60,2,20,0.1,90,924,34376,180.9,25713,0.0,0.5,446.821535,446.822,4062,1036,3026,156.8,26222,0.0,0.5,446.821535,446.822,3729,1012,2717,48.4,4431,0.0,0.2,446.821535,446.822,4083,1056,1781,1246,44.4,4418,0.0,0.2,446.821535,446.822,4238,995,1871,1372
28-2-20-0.2-10,600,60,2,20,0.2,10,924,34376,TL,226658,0.1,0.6,484.695971,485.195,5286,1953,3333,TL,206384,0.1,0.4,484.758606,485.182,5050,1900,3150,TL,205182,0.1,0.3,484.698400,484.979,9041,2007,2639,4395,TL,198725,0.1,0.3,484.767726,485.071,9120,1933,3115,4072
28-2-20-0.2-50,600,60,2,20,0.2,50,924,34376,2275.5,200911,0.0,0.5,473.278523,473.279,5586,1658,3928,1795.0,187047,0.0,0.4,473.278523,473.279,5450,1667,3783,2292.3,254513,0.0,0.3,473.278523,473.279,7306,1586,3250,2470,2466.3,231752,0.0,0.2,473.278523,473.279,6442,1553,2794,2095
28-2-20-0.2-90,600,60,2,20,0.2,90,924,34376,16.6,1363,0.0,0.5,425.729244,425.729,3196,931,2265,17.1,1397,0.0,0.4,425.729244,425.729,3153,978,2175,17.9,951,0.0,0.1,425.729244,425.729,3569,960,1501,1108,20.3,1013,0.0,0.1,425.729244,425.729,3466,967,1365,1134
29-1-20-0.01-10,600,120,1,20,0.01,10,746,29936,TL,103969,0.7,1.3,571.394718,575.337,6081,2310,3771,TL,119099,0.3,0.8,572.845192,574.887,6113,2148,3965,TL,78879,0.7,0.9,571.229164,575.030,14375,3006,3672,7697,TL,120217,0.3,0.5,573.104105,574.778,10604,2508,3756,4340
29-1-20-0.01-50,600,120,1,20,0.01,50,746,29936,TL,181551,0.3,0.8,562.287919,564.227,5918,2314,3604,TL,171102,0.2,0.6,562.747706,563.818,5460,1759,3701,TL,181863,0.2,0.5,562.587280,563.773,9969,2666,3105,4198,TL,114327,0.1,0.3,562.872210,563.509,8006,1855,3035,3116
29-1-20-0.01-90,600,120,1,20,0.01,90,746,29936,TL,359478,0.0,0.6,489.147821,489.324,4238,1226,3012,1732.5,244684,0.0,0.5,489.165997,489.166,3851,1171,2680,3594.5,462683,0.0,0.3,489.159063,489.159,7745,1302,3055,3388,1760.6,280415,0.0,0.3,489.160718,489.161,6778,1162,2612,3004
29-1-20-0.1-10,600,120,1,20,0.1,10,746,29936,TL,114386,0.6,1.3,551.024408,554.608,5453,2032,3421,TL,120347,0.3,0.8,552.677158,554.412,5632,1995,3637,TL,105736,0.6,0.8,551.217359,554.420,13523,2651,3237,7635,TL,130619,0.3,0.5,552.804375,554.339,9594,2119,3302,4173
29-1-20-0.1-50,600,120,1,20,0.1,50,746,29936,TL,199784,0.3,0.9,542.524883,544.130,4974,1688,3286,TL,179366,0.1,0.6,543.076831,543.856,4865,1510,3355,TL,195948,0.2,0.4,542.594740,543.831,9278,1923,3120,4235,TL,112434,0.1,0.3,543.209376,543.571,7359,1760,2680,2919
29-1-20-0.1-90,600,120,1,20,0.1,90,746,29936,452.9,55741,0.0,0.5,471.442289,471.442,3792,997,2795,294.7,38237,0.0,0.4,471.442289,471.442,3727,1017,2710,133.4,12419,0.0,0.3,471.442289,471.442,5110,1010,1988,2112,70.5,3411,0.0,0.2,471.442289,471.442,5021,1009,1836,2176
29-1-20-0.2-10,600,120,1,20,0.2,10,746,29936,TL,116386,0.6,1.3,529.870737,532.811,5001,1882,3119,TL,136363,0.3,0.8,531.289974,532.726,5361,1757,3604,TL,110503,0.4,0.7,530.349580,532.772,13407,2261,2877,8269,TL,94712,0.2,0.4,531.243929,532.614,11120,1984,3047,6089
29-1-20-0.2-50,600,120,1,20,0.2,50,746,29936,TL,218242,0.2,0.9,521.202372,522.433,4382,1462,2920,TL,188450,0.1,0.6,521.496449,522.246,4878,1329,3549,TL,199382,0.1,0.3,521.355467,522.138,8078,1616,2400,4062,TL,101059,0.0,0.2,521.723987,521.964,7319,1497,2603,3219
29-1-20-0.2-90,600,120,1,20,0.2,90,746,29936,90.1,11835,0.0,0.4,452.336880,452.337,3661,1147,2514,70.3,9512,0.0,0.3,452.336880,452.337,3798,1109,2689,53.3,2597,0.0,0.2,452.336880,452.337,4717,1062,1883,1772,48.3,2941,0.0,0.1,452.336880,452.337,4374,1068,1806,1500
29-2-20-0.01-10,600,120,2,20,0.01,10,914,29768,TL,95361,0.9,1.5,570.971758,575.931,6496,2477,4019,TL,116057,0.4,0.9,573.119864,575.552,6308,2273,4035,TL,75599,0.7,1.0,571.697467,575.737,15879,3280,3456,9143,TL,77663,0.4,0.6,572.959517,575.298,10538,2569,3329,4640
29-2-20-0.01-50,600,120,2,20,0.01,50,914,29768,TL,193843,0.4,0.9,562.669939,564.928,6002,2251,3751,TL,162391,0.2,0.7,563.197288,564.566,5665,1925,3740,TL,153782,0.3,0.6,562.730818,564.495,10691,2684,3535,4472,TL,138110,0.1,0.4,563.572285,564.340,8951,2282,3471,3198
29-2-20-0.01-90,600,120,2,20,0.01,90,914,29768,TL,331051,0.1,0.7,491.385330,491.756,4812,1390,3422,1852.6,196763,0.0,0.6,491.455124,491.455,4805,1354,3451,2545.4,403221,0.0,0.4,491.458110,491.458,6651,1370,2381,2900,506.8,26983,0.0,0.4,491.458110,491.458,7437,1389,2266,3782
29-2-20-0.1-10,600,120,2,20,0.1,10,914,29768,TL,102011,0.8,1.4,552.214947,556.430,5987,2323,3664,TL,102270,0.4,0.9,553.842684,556.113,4963,1814,3149,TL,95556,0.7,1.0,552.190594,556.072,14591,2926,3145,8520,TL,74771,0.3,0.6,553.979743,555.858,11680,2357,3035,6288
29-2-20-0.1-50,600,120,2,20,0.1,50,914,29768,TL,176261,0.4,1.0,543.618499,545.904,5106,1711,3395,TL,137335,0.1,0.6,544.927789,545.612,4607,1515,3092,TL,293608,0.1,0.4,544.856437,545.502,8552,1947,2545,4060,TL,108342,0.0,0.3,544.988021,545.279,7794,1719,2686,3389
29-2-20-0.1-90,600,120,2,20,0.1,90,914,29768,TL,469337,0.0,0.7,474.068377,474.232,3877,1200,2677,1493.9,160320,0.0,0.6,474.109260,474.109,3845,1086,2759,429.9,43923,0.0,0.3,474.109086,474.109,7292,1195,2791,3306,993.5,117826,0.0,0.3,474.109260,474.109,5712,1080,2484,2148
29-2-20-0.2-10,600,120,2,20,0.2,10,914,29768,TL,114737,0.5,1.3,533.172265,535.826,4913,1880,3033,TL,113342,0.3,0.9,533.956107,535.730,4636,1700,2936,TL,118877,0.3,0.6,533.710519,535.543,13594,2267,2676,8651,TL,72382,0.2,0.4,534.267569,535.418,11112,1946,2541,6625
29-2-20-0.2-50,600,120,2,20,0.2,50,914,29768,TL,194554,0.3,0.9,524.313136,525.665,4284,1452,2832,TL,193874,0.1,0.7,524.828338,525.526,4191,1268,2923,TL,202954,0.2,0.4,524.602627,525.508,9258,1769,2599,4890,TL,152754,0.1,0.3,524.890692,525.355,7751,1444,2669,3638
29-2-20-0.2-90,600,120,2,20,0.2,90,914,29768,606.2,68217,0.0,0.5,455.520744,455.521,4522,1245,3277,226.6,24347,0.0,0.5,455.520744,455.521,4328,1138,3190,98.8,4384,0.0,0.2,455.520744,455.521,6364,1216,2136,3012,235.1,23996,0.0,0.2,455.520652,455.521,5270,1096,2232,1942
30-1-20-0.01-10,600,200,1,20,0.01,10,686,21894,TL,74704,0.6,0.9,592.044916,595.490,6882,3053,3829,TL,68559,0.2,0.5,593.778334,595.143,5574,2404,3170,TL,52993,0.6,0.8,592.044916,595.409,19643,3791,3746,12106,TL,69301,0.3,0.4,593.374209,595.029,10305,2834,3241,4230
30-1-20-0.01-50,600,200,1,20,0.01,50,686,21894,TL,74316,0.5,1.0,588.991496,591.791,7138,2772,4366,TL,101113,0.3,0.7,589.789467,591.448,5457,2220,3237,TL,39176,0.5,0.8,589.072126,591.806,13838,3104,3676,7058,TL,115983,0.3,0.5,589.788766,591.403,9656,2385,3849,3422
30-1-20-0.01-90,600,200,1,20,0.01,90,686,21894,TL,303406,0.1,0.5,553.871446,554.407,4917,1448,3469,2306.9,139165,0.0,0.4,554.070131,554.070,4191,1327,2864,241.1,18646,0.0,0.2,554.070131,554.070,7024,1227,2477,3320,74.1,3203,0.0,0.2,554.070131,554.070,5996,1102,2318,2576
30-1-20-0.1-10,600,200,1,20,0.1,10,686,21894,TL,71586,0.5,1.2,572.954207,575.992,5776,2202,3574,TL,81576,0.3,0.8,574.088336,575.973,4745,1856,2889,TL,73857,0.5,0.8,572.954207,575.799,17750,2962,3384,11404,TL,63580,0.3,0.5,574.120964,575.688,11884,2174,3025,6685
30-1-20-0.1-50,600,200,1,20,0.1,50,686,21894,TL,88053,0.4,1.1,568.675422,571.090,6131,2067,4064,TL,108153,0.3,0.9,569.059621,570.879,5702,1897,3805,TL,56782,0.4,0.8,568.425804,570.971,12438,2249,3769,6420,TL,99781,0.3,0.6,569.092464,570.626,10024,2030,4014,3980
30-1-20-0.1-90,600,200,1,20,0.1,90,686,21894,TL,289060,0.1,0.7,534.948075,535.544,5059,1263,3796,TL,193880,0.0,0.6,535.202657,535.441,4409,1141,3268,966.0,67174,0.0,0.2,535.277053,535.277,6808,1157,2427,3224,160.1,8850,0.0,0.2,535.277053,535.277,6241,1064,2377,2800
30-1-20-0.2-10,600,200,1,20,0.2,10,686,21894,TL,105000,0.5,1.3,553.526803,556.407,5099,1920,3179,TL,75460,0.5,1.1,553.526803,556.311,4630,1717,2913,TL,73676,0.4,0.7,553.915178,556.309,18641,2633,3346,12662,TL,93856,0.4,0.7,553.634397,556.172,13636,2013,3105,8518
30-1-20-0.2-50,600,200,1,20,0.2,50,686,21894,TL,101153,0.4,1.3,547.635484,549.885,5754,1959,3795,TL,103971,0.2,1.0,548.176752,549.511,5464,1498,3966,TL,90858,0.3,0.7,547.710747,549.594,12503,2084,3643,6776,TL,78643,0.2,0.5,548.100099,549.445,9532,1705,3007,4820
30-1-20-0.2-90,600,200,1,20,0.2,90,686,21894,TL,240459,0.1,0.7,514.663475,515.148,4565,1108,3457,TL,256315,0.1,0.7,514.737045,515.110,3840,1015,2825,TL,287145,0.0,0.3,514.789668,514.915,6524,989,2803,2732,350.1,22126,0.0,0.2,514.801060,514.801,6405,991,2434,2980
30-2-20-0.01-10,600,200,2,20,0.01,10,842,21738,TL,76971,0.6,0.9,592.328326,595.690,6496,2996,3500,TL,76989,0.2,0.5,594.042543,595.345,5310,2290,3020,TL,44839,0.6,0.8,592.328326,595.635,18051,3434,3291,11326,TL,64239,0.2,0.4,593.906849,595.337,9831,2537,2994,4300
30-2-20-0.01-50,600,200,2,20,0.01,50,842,21738,TL,82540,0.5,1.1,589.251740,592.319,7361,3033,4328,TL,99288,0.3,0.8,590.085866,591.919,5590,2351,3239,TL,46028,0.6,0.9,589.044527,592.331,15736,3440,3856,8440,TL,91481,0.3,0.6,589.942213,591.828,10751,2658,3891,4202
30-2-20-0.01-90,600,200,2,20,0.01,90,842,21738,TL,260212,0.3,0.8,557.427152,558.960,5423,1488,3935,TL,191823,0.1,0.6,558.192828,558.740,4903,1534,3369,TL,287143,0.1,0.4,557.966301,558.614,7724,1303,2885,3536,828.9,55589,0.0,0.3,558.314721,558.315,7810,1262,2744,3804
30-2-20-0.1-10,600,200,2,20,0.1,10,842,21738,TL,66060,0.6,1.2,574.771535,577.993,5395,2077,3318,TL,101673,0.5,1.1,574.771535,577.675,4731,1663,3068,TL,66445,0.5,0.8,574.771535,577.739,17451,2630,3061,11760,TL,87838,0.5,0.7,574.771535,577.566,11222,1913,2901,6408
30-2-20-0.1-50,600,200,2,20,0.1,50,842,21738,TL,98809,0.5,1.3,569.886993,572.648,5799,1946,3853,TL,109150,0.3,1.1,570.359608,572.409,4808,1715,3093,TL,72019,0.5,0.9,569.775669,572.419,13739,2569,3644,7526,TL,104151,0.3,0.6,570.381433,572.132,10457,1992,3953,4512
30-2-20-0.1-90,600,200,2,20,0.1,90,842,21738,TL,280721,0.2,0.9,539.597650,540.779,5064,1543,3521,TL,188568,0.1,0.8,539.908799,540.446,5181,1417,3764,TL,240620,0.1,0.5,539.907218,540.326,9087,1408,2959,4720,1347.4,66781,0.0,0.4,540.034538,540.035,7622,1206,2712,3704
30-2-20-0.2-10,600,200,2,20,0.2,10,842,21738,TL,91767,0.5,1.4,558.075278,561.039,4722,1863,2859,TL,111939,0.3,1.0,559.153003,561.027,4113,1608,2505,TL,69436,0.3,0.6,558.832251,560.824,17111,2382,2883,11846,TL,79564,0.3,0.5,559.201541,560.684,12862,1931,2495,8436
30-2-20-0.2-50,600,200,2,20,0.2,50,842,21738,TL,89674,0.5,1.5,550.976795,553.594,6112,2300,3812,TL,85970,0.3,1.3,551.682935,553.339,5073,1923,3150,TL,89974,0.4,0.7,551.151290,553.241,13521,2244,3303,7974,TL,114900,0.2,0.5,551.798306,553.203,10563,1836,3043,5684
30-2-20-0.2-90,600,200,2,20,0.2,90,842,21738,TL,226746,0.4,1.2,519.363895,521.218,4960,1310,3650,TL,183599,0.1,1.0,520.289580,521.047,4699,1139,3560,TL,257412,0.2,0.6,519.695776,520.901,8435,1172,2949,4314,TL,178542,0.1,0.4,520.214516,520.642,7565,1140,2717,3708
31-1-20-0.01-10,700,5,1,20,0.01,10,908,66054,5.7,89,0.0,1.1,369.698079,369.698,7184,2447,4737,7.0,81,0.0,1.0,369.698079,369.698,7033,2322,4711,5.8,37,0.0,1.2,369.698079,369.698,6658,2054,2210,2394,6.6,37,0.0,0.9,369.698079,369.698,5904,1740,2762,1402
31-1-20-0.01-50,700,5,1,20,0.01,50,908,66054,2.7,15,0.0,0.4,359.199374,359.199,5361,2335,3026,3.0,17,0.0,0.5,359.199374,359.199,4850,1922,2928,4.7,23,0.0,0.5,359.199374,359.199,6085,2158,1818,2109,4.6,11,0.0,0.5,359.199374,359.199,5544,1792,2113,1639
31-1-20-0.01-90,700,5,1,20,0.01,90,908,66054,1.6,7,0.0,0.2,285.673047,285.673,2910,991,1919,1.6,7,0.0,0.2,285.673047,285.673,3091,983,2108,2.7,4,0.0,0.0,285.673047,285.673,3198,907,1395,896,2.7,3,0.0,0.0,285.673047,285.673,2810,988,1266,556
31-1-20-0.1-10,700,5,1,20,0.1,10,908,66054,6.2,77,0.0,1.2,358.642924,358.643,7583,2506,5077,6.1,107,0.0,1.2,358.642924,358.643,5336,2236,3100,7.0,49,0.0,1.2,358.642924,358.643,7307,2173,1961,3173,7.5,57,0.0,1.1,358.642924,358.643,6327,1904,2322,2101
31-1-20-0.1-50,700,5,1,20,0.1,50,908,66054,2.7,21,0.0,0.6,347.218919,347.219,4635,1829,2806,3.1,31,0.0,0.6,347.218919,347.219,4861,1771,3090,3.9,29,0.0,0.5,347.218919,347.219,4439,1628,1776,1035,4.8,17,0.0,0.7,347.218919,347.219,4928,1658,2084,1186
31-1-20-0.1-90,700,5,1,20,0.1,90,908,66054,1.2,6,0.0,0.0,276.190313,276.190,2417,1002,1415,1.2,5,0.0,0.1,276.190313,276.190,2830,970,1860,1.4,0,0.0,0.0,276.190313,276.190,2875,1002,1095,778,1.3,0,0.0,0.0,276.190313,276.190,2678,1002,1112,564
31-1-20-0.2-10,700,5,1,20,0.2,10,908,66054,6.7,89,0.0,1.6,347.076000,347.076,4936,2216,2720,6.2,121,0.0,1.6,347.076000,347.076,4897,2392,2505,8.4,49,0.0,1.2,347.076000,347.076,6457,2141,2225,2091,7.7,41,0.0,1.5,347.076000,347.076,6752,2184,2107,2461
31-1-20-0.2-50,700,5,1,20,0.2,50,908,66054,2.6,25,0.0,0.6,334.973295,334.973,4926,1940,2986,3.2,23,0.0,0.5,334.973295,334.973,4779,1774,3005,4.7,23,0.0,0.5,334.973295,334.973,5314,1655,2237,1422,4.5,17,0.0,0.6,334.973295,334.973,5732,1784,2396,1552
31-1-20-0.2-90,700,5,1,20,0.2,90,908,66054,0.8,5,0.0,0.1,265.653943,265.654,2360,1023,1337,1.1,0,0.0,0.0,265.653943,265.654,2358,1023,1335,1.1,0,0.0,0.0,265.653943,265.654,2550,1014,1092,444,1.2,0,0.0,0.0,265.653943,265.654,2550,1014,1092,444
31-2-20-0.01-10,700,5,2,20,0.01,10,1186,65776,6.5,108,0.0,1.2,370.610592,370.611,6993,2443,4550,7.0,84,0.0,1.2,370.610592,370.611,8198,2793,5405,8.2,35,0.0,0.9,370.610592,370.611,8184,2051,3762,2371,7.9,43,0.0,0.9,370.610592,370.611,8549,2110,4407,2032
31-2-20-0.01-50,700,5,2,20,0.01,50,1186,65776,2.8,21,0.0,0.6,360.057381,360.057,5400,2253,3147,3.1,25,0.0,0.6,360.057381,360.057,4996,2175,2821,4.8,13,0.0,0.4,360.057381,360.057,5843,1996,2090,1757,5.6,17,0.0,0.5,360.057381,360.057,6657,2086,2718,1853
31-2-20-0.01-90,700,5,2,20,0.01,90,1186,65776,1.5,5,0.0,0.2,288.844386,288.844,3051,976,2075,1.8,7,0.0,0.2,288.844386,288.844,2735,980,1755,2.3,5,0.0,0.0,288.844386,288.844,2804,1056,1105,643,2.5,0,0.0,0.0,288.844386,288.844,2878,1002,1117,759
31-2-20-0.1-10,700,5,2,20,0.1,10,1186,65776,6.7,147,0.0,1.9,359.848088,359.848,5351,2434,2917,6.3,111,0.0,1.4,359.848088,359.848,4817,2018,2799,8.8,48,0.0,1.1,359.848088,359.848,7647,2148,2636,2863,8.3,39,0.0,1.0,359.848088,359.848,7384,2094,3355,1935
31-2-20-0.1-50,700,5,2,20,0.1,50,1186,65776,2.7,23,0.0,0.7,348.305006,348.305,4323,1696,2627,3.3,28,0.0,0.7,348.305006,348.305,4925,1896,3029,4.9,21,0.0,0.6,348.305006,348.305,5583,1827,2517,1239,4.9,11,0.0,0.6,348.305006,348.305,5566,1929,2108,1529
31-2-20-0.1-90,700,5,2,20,0.1,90,1186,65776,0.9,5,0.0,0.1,279.490756,279.491,2404,996,1408,1.6,7,0.0,0.0,279.490756,279.491,2873,986,1887,1.4,0,0.0,0.0,279.490756,279.491,2700,1029,948,723,1.6,0,0.0,0.0,279.490756,279.491,2705,995,1093,617
31-2-20-0.2-10,700,5,2,20,0.2,10,1186,65776,5.9,87,0.0,1.4,348.484239,348.484,5021,2355,2666,5.1,89,0.0,1.4,348.484239,348.484,4311,1946,2365,7.1,37,0.0,1.6,348.484239,348.484,6894,2171,1969,2754,10.8,37,0.0,1.2,348.484239,348.484,6806,2171,2572,2063
31-2-20-0.2-50,700,5,2,20,0.2,50,1186,65776,2.9,27,0.0,0.6,336.356256,336.356,4987,1949,3038,3.2,25,0.0,0.7,336.356256,336.356,5268,2001,3267,4.3,17,0.0,0.5,336.356256,336.356,5723,1794,2426,1503,5.5,19,0.0,0.5,336.356256,336.356,5928,1759,2769,1400
31-2-20-0.2-90,700,5,2,20,0.2,90,1186,65776,1.0,3,0.0,0.0,269.097834,269.098,2335,1016,1319,1.3,3,0.0,0.0,269.097834,269.098,2110,1016,1094,1.0,0,0.0,0.0,269.097834,269.098,2529,1006,1079,444,1.4,0,0.0,0.0,269.097834,269.098,2529,1006,1079,444
32-1-20-0.01-10,700,10,1,20,0.01,10,904,51788,60.5,1636,0.0,1.2,420.536808,420.537,6042,2552,3490,53.3,1560,0.0,1.1,420.547978,420.548,6193,2725,3468,23.4,225,0.0,0.9,420.547978,420.548,8705,2439,2535,3731,26.8,197,0.0,0.8,420.547978,420.548,8905,2622,2885,3398
32-1-20-0.01-50,700,10,1,20,0.01,50,904,51788,19.9,612,0.0,0.9,390.528693,390.529,4787,1849,2938,19.3,542,0.0,0.8,390.528693,390.529,4646,1793,2853,11.5,95,0.0,0.6,390.528693,390.529,6624,1773,2251,2600,11.3,81,0.0,0.7,390.528693,390.529,6425,1769,2208,2448
32-1-20-0.01-90,700,10,1,20,0.01,90,904,51788,3.0,94,0.0,0.5,269.876221,269.876,4272,1710,2562,3.9,82,0.0,0.5,269.876221,269.876,4253,1545,2708,4.8,27,0.0,0.3,269.876221,269.876,6278,1554,2588,2136,5.8,19,0.0,0.3,269.876221,269.876,6109,1562,2629,1918
32-1-20-0.1-10,700,10,1,20,0.1,10,904,51788,47.2,1185,0.0,1.1,406.975679,406.976,5576,2337,3239,37.8,997,0.0,1.1,406.975679,406.976,5108,2188,2920,18.4,139,0.0,0.8,406.975679,406.976,7144,2021,2501,2622,21.3,182,0.0,0.8,406.975679,406.976,6985,2147,2406,2432
32-1-20-0.1-50,700,10,1,20,0.1,50,904,51788,16.2,567,0.0,1.0,377.253473,377.253,4983,2002,2981,17.7,516,0.0,0.9,377.253473,377.253,4848,1907,2941,9.9,114,0.0,0.6,377.253473,377.253,6653,1865,1946,2842,10.9,89,0.0,0.7,377.253473,377.253,6906,1967,1871,3068
32-1-20-0.1-90,700,10,1,20,0.1,90,904,51788,2.6,70,0.0,0.6,259.783125,259.783,3811,1474,2337,3.2,79,0.0,0.6,259.783125,259.783,3660,1427,2233,5.6,26,0.0,0.3,259.783125,259.783,6001,1606,2565,1830,5.2,23,0.0,0.3,259.783125,259.783,5416,1539,2065,1812
32-1-20-0.2-10,700,10,1,20,0.2,10,904,51788,28.7,543,0.0,0.9,391.895347,391.895,5155,2234,2921,27.4,572,0.0,0.9,391.895347,391.895,5066,2189,2877,15.8,127,0.0,0.7,391.895347,391.895,6609,1955,2375,2279,19.3,137,0.0,0.7,391.895347,391.895,6656,2058,2332,2266
32-1-20-0.2-50,700,10,1,20,0.2,50,904,51788,14.8,445,0.0,0.9,362.802709,362.803,4958,1949,3009,15.9,445,0.0,1.0,362.802709,362.803,4818,1897,2921,11.6,95,0.0,0.7,362.802709,362.803,7298,1967,2539,2792,11.6,101,0.0,0.7,362.802709,362.803,6896,1923,2322,2651
32-1-20-0.2-90,700,10,1,20,0.2,90,904,51788,2.2,34,0.0,0.4,249.119298,249.119,3618,1449,2169,2.5,56,0.0,0.5,249.119298,249.119,3525,1421,2104,3.9,19,0.0,0.2,249.119298,249.119,4917,1452,1967,1498,4.0,19,0.0,0.2,249.119298,249.119,5225,1487,1938,1800
32-2-20-0.01-10,700,10,2,20,0.01,10,1152,51540,82.2,2460,0.0,1.3,421.012070,421.012,6255,2800,3455,64.6,1694,0.0,1.2,421.012070,421.012,6350,2695,3655,32.9,246,0.0,0.9,421.012070,421.012,9118,2593,2541,3984,29.8,213,0.0,0.9,421.012070,421.012,8940,2553,2500,3887
32-2-20-0.01-50,700,10,2,20,0.01,50,1152,51540,23.1,812,0.0,1.1,390.701166,390.701,5112,1949,3163,23.9,919,0.0,1.0,390.701166,390.701,5232,2052,3180,13.1,118,0.0,0.8,390.701166,390.701,6492,1796,2229,2467,15.9,131,0.0,0.8,390.701166,390.701,6782,1839,2399,2544
32-2-20-0.01-90,700,10,2,20,0.01,90,1152,51540,3.7,108,0.0,0.8,271.579690,271.580,4389,1752,2637,4.4,113,0.0,0.8,271.579690,271.580,5050,1597,3453,5.9,42,0.0,0.5,271.579690,271.580,7096,1544,3053,2499,6.5,53,0.0,0.5,271.579690,271.580,6236,1542,2824,1870
32-2-20-0.1-10,700,10,2,20,0.1,10,1152,51540,54.7,1180,0.0,1.1,407.914867,407.915,5602,2413,3189,43.4,1077,0.0,1.1,407.914867,407.915,5296,2326,2970,22.5,175,0.0,0.8,407.914867,407.915,7450,2048,2359,3043,22.4,169,0.0,0.8,407.914867,407.915,7189,2037,2560,2592
32-2-20-0.1-50,700,10,2,20,0.1,50,1152,51540,24.6,741,0.0,1.1,377.890347,377.890,5043,1913,3130,21.3,614,0.0,0.9,377.890347,377.890,4957,1969,2988,13.0,122,0.0,0.7,377.890347,377.890,7443,2035,2270,3138,13.2,133,0.0,0.8,377.890347,377.890,7485,2067,2328,3090
32-2-20-0.1-90,700,10,2,20,0.1,90,1152,51540,3.3,83,0.0,0.7,262.156535,262.157,4086,1510,2576,3.0,86,0.0,0.7,262.156535,262.157,3818,1504,2314,5.0,27,0.0,0.4,262.156535,262.157,5336,1496,2299,1541,3.9,27,0.0,0.4,262.156535,262.157,4912,1462,1912,1538
32-2-20-0.2-10,700,10,2,20,0.2,10,1152,51540,33.2,808,0.0,1.0,393.362419,393.362,5254,2368,2886,26.4,592,0.0,1.1,393.362419,393.362,5121,2301,2820,14.7,115,0.0,0.8,393.362419,393.362,6389,1864,2141,2384,14.6,111,0.0,0.8,393.362419,393.362,6760,2053,2236,2471
32-2-20-0.2-50,700,10,2,20,0.2,50,1152,51540,17.7,596,0.0,1.0,363.917965,363.918,4926,1873,3053,16.7,491,0.0,1.1,363.917965,363.918,4859,1862,2997,14.8,129,0.0,0.8,363.917965,363.918,6824,1905,2392,2527,14.9,105,0.0,0.8,363.917965,363.918,7060,1942,2365,2753
32-2-20-0.2-90,700,10,2,20,0.2,90,1152,51540,2.7,57,0.0,0.6,251.786617,251.787,4023,1396,2627,3.4,61,0.0,0.6,251.786617,251.787,3766,1381,2385,4.4,23,0.0,0.3,251.786617,251.787,5519,1493,2386,1640,4.7,35,0.0,0.4,251.786617,251.787,5234,1377,2065,1792
33-1-20-0.01-10,700,70,1,20,0.01,10,896,50622,TL,132124,0.2,0.5,648.427594,649.996,7457,3032,4425,TL,112518,0.1,0.4,648.767244,649.796,6476,2280,4196,TL,102686,0.1,0.4,648.765987,649.772,12067,3228,3293,5546,TL,104670,0.1,0.3,648.821474,649.778,9722,2739,3526,3457
33-1-20-0.01-50,700,70,1,20,0.01,50,896,50622,TL,187997,0.1,0.4,639.012233,639.498,5872,2378,3494,TL,256579,0.0,0.3,639.167418,639.456,6056,2245,3811,2225.0,220354,0.0,0.2,639.190832,639.191,9247,2590,3501,3156,TL,264847,0.0,0.2,639.167418,639.362,7041,2190,2961,1890
33-1-20-0.01-90,700,70,1,20,0.01,90,896,50622,40.5,4313,0.0,0.2,576.839734,576.840,3592,1190,2402,25.2,2002,0.0,0.2,576.839734,576.840,3502,1203,2299,40.0,3079,0.0,0.1,576.839547,576.840,4036,1164,1788,1084,29.8,1339,0.0,0.1,576.839734,576.840,3708,1149,1703,856
33-1-20-0.1-10,700,70,1,20,0.1,10,896,50622,TL,154678,0.1,0.4,623.945740,624.941,5954,2266,3688,TL,107384,0.1,0.4,623.999449,624.858,5984,2148,3836,TL,132595,0.1,0.3,624.010784,624.967,10525,2503,3147,4875,TL,67027,0.1,0.3,624.181585,624.712,8784,2330,2760,3694
33-1-20-0.1-50,700,70,1,20,0.1,50,896,50622,2143.2,210832,0.0,0.3,614.389449,614.389,6288,1925,4363,2634.3,265331,0.0,0.2,614.389449,614.389,5565,1849,3716,TL,443804,0.0,0.1,614.389449,614.456,7856,1942,3957,1957,1097.0,110871,0.0,0.1,614.389449,614.389,6746,1862,2986,1898
33-1-20-0.1-90,700,70,1,20,0.1,90,896,50622,26.1,1804,0.0,0.2,551.874737,551.875,4177,1307,2870,23.0,1900,0.0,0.2,551.874737,551.875,3784,1288,2496,27.7,1172,0.0,0.1,551.874737,551.875,4578,1313,2055,1210,34.2,1621,0.0,0.1,551.874737,551.875,4192,1299,1893,1000
33-1-20-0.2-10,700,70,1,20,0.2,10,896,50622,TL,167707,0.1,0.4,597.244246,598.002,6074,2026,4048,TL,109550,0.1,0.3,597.189739,597.918,7006,2034,4972,TL,151187,0.1,0.3,597.332115,597.950,10390,2124,3355,4911,TL,84696,0.0,0.2,597.397628,597.693,9375,2197,3476,3702
33-1-20-0.2-50,700,70,1,20,0.2,50,896,50622,460.2,41653,0.0,0.2,587.549727,587.550,4762,1601,3161,855.1,90828,0.0,0.2,587.549727,587.550,4621,1472,3149,411.5,33203,0.0,0.1,587.552778,587.553,7123,1748,2950,2425,389.8,34980,0.0,0.1,587.549727,587.550,6357,1658,3085,1614
33-1-20-0.2-90,700,70,1,20,0.2,90,896,50622,32.6,2751,0.0,0.2,524.408143,524.408,3979,1261,2718,43.7,4705,0.0,0.2,524.408143,524.408,3934,1158,2776,53.6,2642,0.0,0.1,524.408143,524.408,4780,1228,2426,1126,61.7,5187,0.0,0.1,524.408143,524.408,4317,1176,2155,986
33-2-20-0.01-10,700,70,2,20,0.01,10,1140,50378,TL,137573,0.2,0.5,649.160763,650.635,6241,2472,3769,TL,109173,0.2,0.4,649.090208,650.509,6406,2244,4162,TL,116316,0.2,0.4,649.295020,650.505,12503,3122,3239,6142,TL,104975,0.1,0.3,649.410527,650.323,9993,2545,3601,3847
33-2-20-0.01-50,700,70,2,20,0.01,50,1140,50378,TL,225997,0.1,0.4,639.682533,640.327,6491,2242,4249,TL,180050,0.1,0.3,639.755418,640.240,5772,2257,3515,TL,224069,0.0,0.2,639.818845,640.166,8236,2257,3350,2629,TL,202864,0.0,0.2,639.821263,640.144,9303,2405,4237,2661
33-2-20-0.01-90,700,70,2,20,0.01,90,1140,50378,161.6,21621,0.0,0.3,579.898106,579.898,3881,1126,2755,106.3,15655,0.0,0.3,579.898117,579.898,3535,1213,2322,71.6,4189,0.0,0.2,579.898117,579.898,4286,1123,1981,1182,61.5,3754,0.0,0.2,579.898117,579.898,3969,1141,1866,962
33-2-20-0.1-10,700,70,2,20,0.1,10,1140,50378,TL,175518,0.2,0.5,625.597021,626.996,5441,2222,3219,TL,101102,0.1,0.4,625.802011,626.779,6402,2236,4166,TL,142532,0.2,0.4,625.725033,626.889,10991,2405,3335,5251,TL,97932,0.1,0.3,625.822103,626.736,10256,2286,3906,4064
33-2-20-0.1-50,700,70,2,20,0.1,50,1140,50378,1311.5,112341,0.0,0.3,616.434538,616.435,5702,1928,3774,2042.8,173963,0.0,0.2,616.434538,616.435,5498,1893,3605,563.3,39374,0.0,0.2,616.434538,616.435,7701,2100,3037,2564,931.9,86718,0.0,0.1,616.434538,616.435,6737,1916,2783,2038
33-2-20-0.1-90,700,70,2,20,0.1,90,1140,50378,40.5,3631,0.0,0.2,555.813982,555.814,3747,1262,2485,122.2,20391,0.0,0.2,555.813904,555.814,3963,1180,2783,63.7,2710,0.0,0.2,555.813982,555.814,4574,1216,2272,1086,44.5,2593,0.0,0.1,555.813904,555.814,3709,1129,1702,878
33-2-20-0.2-10,700,70,2,20,0.2,10,1140,50378,TL,165612,0.1,0.4,600.822074,601.631,5690,2227,3463,TL,128469,0.1,0.3,600.936231,601.507,6263,2129,4134,TL,148635,0.1,0.2,600.921592,601.514,10173,2391,2936,4846,TL,66781,0.0,0.2,601.019947,601.270,9123,2327,2560,4236
33-2-20-0.2-50,700,70,2,20,0.2,50,1140,50378,189.5,15116,0.0,0.2,591.008815,591.009,4589,1882,2707,109.9,6749,0.0,0.2,591.008815,591.009,4468,1788,2680,174.7,9087,0.0,0.1,591.008815,591.009,6141,1846,2320,1975,254.3,17654,0.0,0.1,591.008815,591.009,5784,1786,2204,1794
33-2-20-0.2-90,700,70,2,20,0.2,90,1140,50378,39.1,4098,0.0,0.3,529.468653,529.469,3831,999,2832,41.4,3182,0.0,0.3,529.468653,529.469,3751,1057,2694,74.7,6023,0.0,0.2,529.468552,529.469,4706,1136,2316,1254,66.7,4196,0.0,0.1,529.468653,529.469,4305,1062,2199,1044
34-1-20-0.01-10,700,140,1,20,0.01,10,902,59830,TL,77751,0.4,0.7,691.510081,694.446,6596,3280,3316,TL,57992,0.1,0.3,693.458540,694.226,4887,2525,2362,TL,36235,0.4,0.6,691.868198,694.412,15392,3282,2795,9315,TL,70210,0.1,0.3,693.369905,694.153,8378,2708,2248,3422
34-1-20-0.01-50,700,140,1,20,0.01,50,902,59830,TL,86560,0.4,0.8,687.832500,690.716,6289,2766,3523,TL,98204,0.1,0.4,689.474142,690.418,5204,2427,2777,TL,107568,0.4,0.6,688.104517,690.677,10715,3049,3544,4122,TL,88790,0.2,0.4,688.849577,690.341,7889,2518,2756,2615
34-1-20-0.01-90,700,140,1,20,0.01,90,902,59830,TL,268093,0.1,0.3,640.568476,640.947,5802,1619,4183,TL,299422,0.0,0.3,640.663695,640.824,5167,1544,3623,TL,410295,0.0,0.2,640.710878,640.790,8063,1703,3518,2842,TL,373218,0.0,0.2,640.710878,640.787,6767,1499,3190,2078
34-1-20-0.1-10,700,140,1,20,0.1,10,902,59830,TL,82793,0.2,0.6,667.389558,668.963,6471,3250,3221,TL,67227,0.1,0.4,668.046775,668.883,5349,2888,2461,TL,69888,0.2,0.4,667.756781,668.884,17478,3551,2977,10950,TL,56863,0.1,0.2,668.017788,668.763,12694,3356,2559,6779
34-1-20-0.1-50,700,140,1,20,0.1,50,902,59830,TL,86952,0.2,0.7,662.490110,663.978,5829,2583,3246,TL,95747,0.1,0.5,662.967193,663.856,4998,2080,2918,TL,72683,0.2,0.5,662.301043,663.983,11465,2761,3160,5544,TL,102181,0.1,0.3,662.960338,663.793,8510,2179,3049,3282
34-1-20-0.1-90,700,140,1,20,0.1,90,902,59830,TL,240984,0.1,0.3,614.893351,615.304,5058,1417,3641,TL,198710,0.0,0.2,614.947801,615.214,5296,1398,3898,TL,389225,0.0,0.2,615.006592,615.116,7096,1447,3313,2336,2436.7,264355,0.0,0.1,615.016181,615.016,6252,1378,2986,1888
34-1-20-0.2-10,700,140,1,20,0.2,10,902,59830,TL,85911,0.2,0.7,641.376275,642.808,4854,2254,2600,TL,87924,0.1,0.4,642.061392,642.675,4253,2116,2137,TL,92828,0.2,0.3,641.640538,642.663,13601,2786,2561,8254,TL,81749,0.1,0.2,642.110312,642.517,9615,2426,2001,5188
34-1-20-0.2-50,700,140,1,20,0.2,50,902,59830,TL,102391,0.2,0.8,634.436487,636.015,5432,2157,3275,TL,103281,0.1,0.5,635.102509,635.777,4271,1775,2496,TL,80551,0.1,0.3,634.896132,635.762,10865,2296,2824,5745,TL,82889,0.1,0.2,635.219301,635.642,8043,1855,2479,3709
34-1-20-0.2-90,700,140,1,20,0.2,90,902,59830,TL,260085,0.1,0.5,586.712874,587.269,5503,1364,4139,TL,192237,0.1,0.4,586.944802,587.322,4794,1293,3501,1531.7,147628,0.0,0.2,587.003912,587.004,7523,1502,3193,2828,1122.8,81370,0.0,0.1,587.003912,587.004,7176,1404,2976,2796
34-2-20-0.01-10,700,140,2,20,0.01,10,1162,59570,TL,73885,0.4,0.6,692.257571,694.954,5673,2842,2831,TL,79489,0.1,0.3,693.707422,694.597,5320,2521,2799,TL,49482,0.4,0.6,691.842636,694.847,16469,3718,3151,9600,TL,58490,0.1,0.3,693.645819,694.516,8733,2811,2451,3471
34-2-20-0.01-50,700,140,2,20,0.01,50,1162,59570,TL,97475,0.4,0.8,688.442598,691.244,5642,2679,2963,TL,88719,0.2,0.4,689.775133,690.940,4749,2087,2662,TL,59391,0.5,0.8,687.501175,691.191,12749,3286,3491,5972,TL,104102,0.2,0.3,689.695890,690.882,8674,2654,3142,2878
34-2-20-0.01-90,700,140,2,20,0.01,90,1162,59570,TL,241786,0.1,0.4,643.396108,644.201,4945,1224,3721,TL,143287,0.1,0.4,643.393212,644.072,4943,1372,3571,3394.6,280874,0.0,0.2,643.625349,643.625,7383,1415,2904,3064,TL,236007,0.0,0.2,643.596930,643.789,6499,1268,3099,2132
34-2-20-0.1-10,700,140,2,20,0.1,10,1162,59570,TL,85958,0.3,0.7,669.700735,671.533,4504,2142,2362,TL,87394,0.1,0.4,670.332704,671.249,4806,2243,2563,TL,42741,0.2,0.4,669.648168,671.285,13743,2680,2320,8743,TL,83585,0.1,0.3,670.271586,671.199,9545,2290,2306,4949
34-2-20-0.1-50,700,140,2,20,0.1,50,1162,59570,TL,85404,0.3,0.8,664.110213,666.092,5578,2487,3091,TL,93617,0.2,0.6,664.705680,665.988,5538,2254,3284,TL,65394,0.3,0.6,663.705938,666.025,11256,2804,2873,5579,TL,77109,0.2,0.4,664.598376,665.879,7964,2095,2625,3244
34-2-20-0.1-90,700,140,2,20,0.1,90,1162,59570,TL,286046,0.1,0.4,618.798176,619.402,4856,1435,3421,TL,148573,0.1,0.4,618.734902,619.243,5320,1459,3861,TL,310596,0.0,0.2,618.891285,619.041,8182,1534,3390,3258,TL,307601,0.0,0.2,618.891112,619.100,6895,1395,3146,2354
34-2-20-0.2-10,700,140,2,20,0.2,10,1162,59570,TL,94990,0.2,0.6,647.228283,648.315,4993,2205,2788,TL,107658,0.1,0.4,647.664286,648.282,3946,1853,2093,TL,102256,0.1,0.3,647.258980,648.233,11499,2440,2425,6634,TL,106218,0.1,0.2,647.735403,648.129,8632,2169,2055,4408
34-2-20-0.2-50,700,140,2,20,0.2,50,1162,59570,TL,115390,0.2,0.8,639.058672,640.458,5178,2250,2928,TL,109077,0.1,0.6,639.432601,640.326,4691,1897,2794,TL,137125,0.1,0.3,639.381681,640.358,10529,2402,2602,5525,TL,114100,0.1,0.3,639.446122,640.308,8746,2026,2855,3865
34-2-20-0.2-90,700,140,2,20,0.2,90,1162,59570,TL,176746,0.1,0.6,591.619010,592.416,5052,1439,3613,TL,189024,0.1,0.5,591.810386,592.479,4862,1286,3576,TL,192499,0.0,0.2,591.893260,592.209,7324,1427,3287,2610,TL,243605,0.0,0.2,591.957538,592.060,7253,1378,3011,2864
35-1-20-0.01-10,800,5,1,20,0.01,10,1100,145746,4.5,23,0.0,0.3,553.080184,553.080,5671,2212,3459,4.1,24,0.0,0.2,553.080184,553.080,5722,2167,3555,9.2,13,0.0,0.2,553.080184,553.080,6939,1989,3509,1441,8.1,17,0.0,0.2,553.080184,553.080,5999,2064,2855,1080
35-1-20-0.01-50,800,5,1,20,0.01,50,1100,145746,5.4,57,0.0,0.8,532.112597,532.113,6175,2707,3468,6.6,51,0.0,0.7,532.112597,532.113,7045,2749,4296,10.8,43,0.0,0.6,532.112597,532.113,7041,2959,2400,1682,11.9,29,0.0,0.6,532.112597,532.113,7162,2442,3228,1492
35-1-20-0.01-90,800,5,1,20,0.01,90,1100,145746,1.6,9,0.0,0.1,498.985821,498.986,3190,1453,1737,2.2,3,0.0,0.0,498.985821,498.986,3038,1026,2012,2.9,5,0.0,0.0,498.985821,498.986,3226,1436,1293,497,3.6,5,0.0,0.1,498.985821,498.986,2654,963,1293,398
35-1-20-0.1-10,800,5,1,20,0.1,10,1100,145746,4.4,19,0.0,0.2,534.220805,534.221,5817,2218,3599,4.5,23,0.0,0.2,534.220805,534.221,5605,2178,3427,7.2,17,0.0,0.2,534.220805,534.221,5298,1837,1939,1522,6.8,11,0.0,0.1,534.220805,534.221,5377,1915,2182,1280
35-1-20-0.1-50,800,5,1,20,0.1,50,1100,145746,5.6,55,0.0,0.8,513.707980,513.708,6054,2467,3587,6.8,57,0.0,0.8,513.707980,513.708,6302,2692,3610,11.4,31,0.0,0.6,513.707980,513.708,7216,2571,2822,1823,15.2,35,0.0,0.6,513.707980,513.708,8404,2592,3588,2224
35-1-20-0.1-90,800,5,1,20,0.1,90,1100,145746,1.5,7,0.0,0.0,478.284261,478.284,2929,1456,1473,1.6,3,0.0,0.0,478.284261,478.284,2949,1468,1481,2.4,0,0.0,0.0,478.284261,478.284,3467,1000,1625,842,2.7,0,0.0,0.0,478.284261,478.284,3467,1000,1625,842
35-1-20-0.2-10,800,5,1,20,0.2,10,1100,145746,3.6,22,0.0,0.2,513.265941,513.266,4665,2062,2603,3.9,25,0.0,0.3,513.265941,513.266,4261,1979,2282,8.4,15,0.0,0.2,513.265941,513.266,4868,1920,1827,1121,7.1,17,0.0,0.2,513.265941,513.266,5269,2046,2025,1198
35-1-20-0.2-50,800,5,1,20,0.2,50,1100,145746,5.2,48,0.0,0.7,493.191278,493.191,5421,1919,3502,6.1,51,0.0,0.7,493.191278,493.191,5686,2044,3642,11.3,31,0.0,0.6,493.191278,493.191,6797,2079,2879,1839,11.1,25,0.0,0.6,493.191278,493.191,7192,2159,3814,1219
35-1-20-0.2-90,800,5,1,20,0.2,90,1100,145746,1.7,3,0.0,0.0,455.282528,455.283,3111,1476,1635,1.8,5,0.0,0.0,455.282528,455.283,3060,929,2131,2.1,0,0.0,0.0,455.282528,455.283,3118,929,1574,615,2.5,0,0.0,0.0,455.282528,455.283,3128,929,1574,625
35-2-20-0.01-10,800,5,2,20,0.01,10,1460,145386,4.5,27,0.0,0.2,553.558582,553.559,6377,2087,4290,5.2,33,0.0,0.2,553.558582,553.559,6025,2235,3790,9.8,15,0.0,0.2,553.558582,553.559,6591,1909,2676,2006,8.2,19,0.0,0.2,553.558582,553.559,6073,1904,3000,1169
35-2-20-0.01-50,800,5,2,20,0.01,50,1460,145386,6.7,75,0.0,0.8,532.530932,532.531,7131,3622,3509,6.9,74,0.0,0.8,532.530932,532.531,5977,2388,3589,13.0,24,0.0,0.7,532.530932,532.531,8399,3015,3332,2052,15.0,28,0.0,0.6,532.530932,532.531,7707,2460,3370,1877
35-2-20-0.01-90,800,5,2,20,0.01,90,1460,145386,1.9,7,0.0,0.1,499.885917,499.886,3181,1452,1729,1.9,5,0.0,0.0,499.885917,499.886,3221,1528,1693,3.0,5,0.0,0.0,499.885917,499.886,3349,1440,1379,530,3.0,5,0.0,0.0,499.885917,499.886,2752,977,1379,396
35-2-20-0.1-10,800,5,2,20,0.1,10,1460,145386,3.7,31,0.0,0.3,535.115237,535.115,5076,2109,2967,3.9,20,0.0,0.3,535.115237,535.115,5057,2020,3037,8.6,15,0.0,0.2,535.115237,535.115,5344,1843,2392,1109,7.8,15,0.0,0.2,535.115237,535.115,5329,1893,2428,1008
35-2-20-0.1-50,800,5,2,20,0.1,50,1460,145386,6.2,60,0.0,0.7,514.409951,514.410,6934,2668,4266,5.9,51,0.0,0.7,514.409951,514.410,6113,2400,3713,13.5,36,0.0,0.6,514.409951,514.410,7293,2512,3192,1589,11.7,27,0.0,0.6,514.409951,514.410,7915,2680,3000,2235
35-2-20-0.1-90,800,5,2,20,0.1,90,1460,145386,1.8,9,0.0,0.1,479.594071,479.594,3600,1482,2118,2.1,3,0.0,0.0,479.594071,479.594,3758,1477,2281,3.6,3,0.0,0.0,479.594071,479.594,3052,926,1614,512,3.9,3,0.0,0.0,479.594071,479.594,3139,926,1733,480
35-2-20-0.2-10,800,5,2,20,0.2,10,1460,145386,3.6,17,0.0,0.4,514.622633,514.623,4450,2165,2285,4.3,19,0.0,0.4,514.622633,514.623,4620,2094,2526,6.9,20,0.0,0.3,514.622633,514.623,5411,2013,1864,1534,9.4,13,0.0,0.2,514.622633,514.623,5500,2039,1918,1543
35-2-20-0.2-50,800,5,2,20,0.2,50,1460,145386,5.9,44,0.0,0.7,494.217743,494.218,5887,2244,3643,6.9,53,0.0,0.7,494.217743,494.218,5970,2116,3854,9.9,46,0.0,0.6,494.217743,494.218,6095,1764,3316,1015,11.4,29,0.0,0.6,494.217743,494.218,7203,1839,3607,1757
35-2-20-0.2-90,800,5,2,20,0.2,90,1460,145386,1.5,0,0.0,0.0,457.047576,457.048,3411,1465,1946,1.6,0,0.0,0.0,457.047576,457.048,3509,1465,2044,2.2,0,0.0,0.0,457.047576,457.048,3677,926,2028,723,2.4,0,0.0,0.0,457.047576,457.048,3677,926,2029,722
36-1-20-0.01-10,800,10,1,20,0.01,10,1034,93998,123.4,1659,0.0,1.1,557.817253,557.817,7293,3133,4160,105.8,1535,0.0,1.0,557.817253,557.817,7299,3358,3941,44.4,269,0.0,0.8,557.817253,557.817,8384,2541,3578,2265,53.2,261,0.0,0.9,557.817253,557.817,8311,2452,3311,2548
36-1-20-0.01-50,800,10,1,20,0.01,50,1034,93998,34.3,619,0.0,0.7,548.128796,548.129,7359,3405,3954,37.3,617,0.0,0.7,548.128796,548.129,7329,3373,3956,30.9,152,0.0,0.6,548.128796,548.129,9906,3069,3940,2897,30.3,162,0.0,0.6,548.128796,548.129,10295,3385,4069,2841
36-1-20-0.01-90,800,10,1,20,0.01,90,1034,93998,2.5,33,0.0,0.3,516.062197,516.062,3772,1283,2489,3.1,39,0.0,0.3,516.062197,516.062,3681,1207,2474,5.1,23,0.0,0.3,516.062197,516.062,6409,1529,2166,2714,6.2,29,0.0,0.2,516.062197,516.062,5204,1421,2137,1646
36-1-20-0.1-10,800,10,1,20,0.1,10,1034,93998,136.3,1926,0.0,1.2,537.854839,537.855,7636,3504,4132,108.9,1764,0.0,1.2,537.854839,537.855,7114,3214,3900,58.6,276,0.0,1.0,537.854839,537.855,10090,3025,3106,3959,56.2,295,0.0,1.0,537.854839,537.855,9845,2866,3169,3810
36-1-20-0.1-50,800,10,1,20,0.1,50,1034,93998,51.9,866,0.0,0.8,528.309064,528.309,8563,3981,4582,58.4,1138,0.0,1.0,528.309064,528.309,6990,3422,3568,30.0,151,0.0,0.6,528.309064,528.309,9357,3109,3126,3122,32.1,152,0.0,0.6,528.309064,528.309,9659,3372,3282,3005
36-1-20-0.1-90,800,10,1,20,0.1,90,1034,93998,2.0,21,0.0,0.2,497.593534,497.594,3508,1203,2305,2.8,29,0.0,0.2,497.593534,497.594,3795,1200,2595,4.7,19,0.0,0.2,497.593534,497.594,5295,1441,2193,1661,5.4,15,0.0,0.2,497.593534,497.594,5623,1455,2152,2016
36-1-20-0.2-10,800,10,1,20,0.2,10,1034,93998,95.8,1343,0.0,1.1,515.814694,515.815,6760,2893,3867,85.1,1257,0.0,1.1,515.814694,515.815,7039,2947,4092,50.2,277,0.0,1.0,515.814694,515.815,8849,2548,3516,2785,53.2,323,0.0,1.0,515.814694,515.815,8499,2562,3214,2723
36-1-20-0.2-50,800,10,1,20,0.2,50,1034,93998,40.1,603,0.0,0.7,506.287140,506.287,7821,3033,4788,36.5,537,0.0,0.8,506.287140,506.287,7469,3409,4060,29.1,163,0.0,0.6,506.287140,506.287,9743,2732,4213,2798,32.6,167,0.0,0.6,506.287140,506.287,8961,2886,3681,2394
36-1-20-0.2-90,800,10,1,20,0.2,90,1034,93998,1.9,12,0.0,0.1,477.072798,477.073,3622,1295,2327,2.4,19,0.0,0.1,477.072798,477.073,3773,1256,2517,4.0,9,0.0,0.0,477.072798,477.073,5362,1470,1842,2050,5.3,9,0.0,0.0,477.072798,477.073,5327,1482,1831,2014
36-2-20-0.01-10,800,10,2,20,0.01,10,1366,93666,161.2,2016,0.0,1.1,558.207068,558.207,7111,3223,3888,120.4,1831,0.0,1.2,558.207068,558.207,7440,3358,4082,54.1,262,0.0,0.8,558.207068,558.207,9343,2595,4047,2701,41.1,213,0.0,0.9,558.207068,558.207,9120,2767,3966,2387
36-2-20-0.01-50,800,10,2,20,0.01,50,1366,93666,55.7,1004,0.0,0.8,548.325854,548.326,7743,3428,4315,47.4,866,0.0,0.8,548.325854,548.326,7527,3225,4302,26.1,165,0.0,0.6,548.325854,548.326,10001,3079,4280,2642,30.4,153,0.0,0.6,548.325854,548.326,9990,2977,4202,2811
36-2-20-0.01-90,800,10,2,20,0.01,90,1366,93666,2.5,33,0.0,0.3,516.387696,516.388,3877,1390,2487,2.8,31,0.0,0.3,516.387696,516.388,3864,1381,2483,5.1,32,0.0,0.2,516.387696,516.388,6159,1546,2104,2509,5.4,23,0.0,0.2,516.387696,516.388,5588,1522,2327,1739
36-2-20-0.1-10,800,10,2,20,0.1,10,1366,93666,115.4,1634,0.0,1.1,538.880380,538.880,6774,2932,3842,91.7,1310,0.0,1.0,538.880380,538.880,6794,2980,3814,68.8,328,0.0,0.9,538.889138,538.889,10591,2582,3891,4118,43.7,216,0.0,1.0,538.880380,538.880,8722,2454,3697,2571
36-2-20-0.1-50,800,10,2,20,0.1,50,1366,93666,82.4,1556,0.0,1.1,528.957059,528.957,7306,3731,3575,63.0,1271,0.0,1.0,528.957059,528.957,7723,3805,3918,33.9,201,0.0,0.7,528.957059,528.957,9881,3302,2969,3610,30.7,164,0.0,0.7,528.957059,528.957,10185,3160,3558,3467
36-2-20-0.1-90,800,10,2,20,0.1,90,1366,93666,2.2,28,0.0,0.3,498.490840,498.491,3372,1284,2088,2.6,21,0.0,0.2,498.490840,498.491,3373,1278,2095,4.6,25,0.0,0.1,498.490840,498.491,5130,1402,1968,1760,5.0,18,0.0,0.1,498.490840,498.491,4450,1377,1853,1220
36-2-20-0.2-10,800,10,2,20,0.2,10,1366,93666,86.7,1041,0.0,1.1,517.512691,517.513,7208,3058,4150,64.7,906,0.0,1.0,517.512691,517.513,6700,2751,3949,46.2,207,0.0,1.0,517.512691,517.513,8728,2727,3089,2912,42.9,210,0.0,1.0,517.512691,517.513,8295,2392,3085,2818
36-2-20-0.2-50,800,10,2,20,0.2,50,1366,93666,37.7,615,0.0,0.7,507.568382,507.568,7410,3079,4331,31.9,495,0.0,0.7,507.568382,507.568,7072,3162,3910,27.3,157,0.0,0.7,507.568382,507.568,8335,2780,3105,2450,30.2,167,0.0,0.7,507.568382,507.568,8870,2806,3824,2240
36-2-20-0.2-90,800,10,2,20,0.2,90,1366,93666,1.8,13,0.0,0.1,478.605445,478.605,3501,1275,2226,2.2,11,0.0,0.1,478.605445,478.605,3562,1284,2278,4.0,7,0.0,0.0,478.605445,478.605,5037,1463,1617,1957,5.1,6,0.0,0.0,478.605445,478.605,5012,1493,1543,1976
37-1-20-0.01-10,800,80,1,20,0.01,10,994,73610,TL,119441,0.1,0.3,762.136195,763.175,7061,3274,3787,TL,113378,0.1,0.2,762.105796,763.115,6984,3071,3913,TL,111422,0.1,0.2,762.123498,763.117,11562,4001,3696,3865,TL,88304,0.1,0.2,762.096699,763.069,9639,3364,3600,2675
37-1-20-0.01-50,800,80,1,20,0.01,50,994,73610,TL,135056,0.1,0.4,751.986562,753.026,5917,2300,3617,TL,108316,0.1,0.3,752.159839,752.951,5728,2080,3648,TL,127252,0.1,0.2,752.106165,752.943,9337,2723,3482,3132,TL,91090,0.1,0.2,752.072997,752.777,8471,2677,3204,2590
37-1-20-0.01-90,800,80,1,20,0.01,90,994,73610,78.2,9683,0.0,0.2,711.094393,711.094,4287,1206,3081,50.5,5376,0.0,0.1,711.094393,711.094,4322,1430,2892,78.2,5764,0.0,0.1,711.094393,711.094,5381,1350,2751,1280,66.9,2837,0.0,0.1,711.094393,711.094,5020,1319,2541,1160
37-1-20-0.1-10,800,80,1,20,0.1,10,994,73610,TL,136198,0.1,0.3,732.203288,733.240,7099,2945,4154,TL,103257,0.1,0.2,732.341443,733.189,5920,2355,3565,TL,123148,0.1,0.2,732.342101,733.220,10210,2708,3595,3907,TL,92622,0.1,0.2,732.440458,733.020,8541,2536,3006,2999
37-1-20-0.1-50,800,80,1,20,0.1,50,994,73610,TL,148457,0.1,0.3,722.344750,723.026,5146,1964,3182,TL,96795,0.1,0.3,722.379376,722.872,5505,1902,3603,TL,167107,0.1,0.2,722.339365,722.883,9327,2485,3791,3051,TL,153857,0.1,0.2,722.388352,722.890,7949,1979,3955,2015
37-1-20-0.1-90,800,80,1,20,0.1,90,994,73610,63.7,5813,0.0,0.2,679.426553,679.427,5072,1502,3570,111.8,13394,0.0,0.1,679.426553,679.427,4597,1468,3129,72.0,2051,0.0,0.1,679.426664,679.427,5573,1300,2891,1382,118.1,7580,0.0,0.1,679.426664,679.427,5249,1269,2872,1108
37-1-20-0.2-10,800,80,1,20,0.2,10,994,73610,TL,157623,0.1,0.3,699.853402,700.714,5196,2284,2912,TL,102051,0.1,0.2,699.999549,700.604,5077,2121,2956,TL,123144,0.1,0.2,699.862934,700.664,9363,2390,2980,3993,TL,112209,0.1,0.2,699.956712,700.657,8184,2362,3213,2609
37-1-20-0.2-50,800,80,1,20,0.2,50,994,73610,TL,144065,0.1,0.3,689.932390,690.413,5285,2082,3203,TL,156189,0.0,0.2,689.975090,690.364,5880,1962,3918,TL,224447,0.0,0.2,689.938503,690.267,8980,2192,3298,3490,TL,170652,0.0,0.1,689.947105,690.313,7649,1938,3184,2527
37-1-20-0.2-90,800,80,1,20,0.2,90,994,73610,90.5,10342,0.0,0.2,644.956446,644.956,4458,1349,3109,112.8,12938,0.0,0.2,644.956446,644.956,4366,1361,3005,78.9,3827,0.0,0.1,644.956446,644.956,5012,1430,2562,1020,120.5,11142,0.0,0.1,644.956446,644.956,5178,1404,2866,908
37-2-20-0.01-10,800,80,2,20,0.01,10,1306,73298,TL,123336,0.1,0.4,762.303648,763.409,6837,3205,3632,TL,125465,0.2,0.3,762.086445,763.336,6475,2839,3636,TL,112906,0.1,0.3,762.171862,763.385,10759,3565,3101,4093,TL,90530,0.1,0.2,762.396434,763.292,10007,3400,3726,2881
37-2-20-0.01-50,800,80,2,20,0.01,50,1306,73298,TL,145692,0.2,0.4,752.163054,753.437,6412,2577,3835,TL,91367,0.1,0.3,752.276428,753.209,6436,2447,3989,TL,132323,0.1,0.3,752.161048,753.285,9714,3003,3586,3125,TL,103077,0.1,0.2,752.282432,753.132,8767,2574,3764,2429
37-2-20-0.01-90,800,80,2,20,0.01,90,1306,73298,94.3,11433,0.0,0.2,711.537195,711.537,4560,1338,3222,79.2,8979,0.0,0.2,711.537195,711.537,4381,1268,3113,77.4,3577,0.0,0.1,711.537195,711.537,5173,1290,2677,1206,120.7,10214,0.0,0.1,711.537195,711.537,5042,1273,2639,1130
37-2-20-0.1-10,800,80,2,20,0.1,10,1306,73298,TL,138680,0.1,0.3,734.301925,735.241,5903,2470,3433,TL,118648,0.1,0.2,734.335963,735.195,5996,2386,3610,TL,134070,0.1,0.2,734.383228,735.223,10531,2683,3072,4776,TL,96081,0.1,0.2,734.149998,735.126,9256,2688,3810,2758
37-2-20-0.1-50,800,80,2,20,0.1,50,1306,73298,TL,162490,0.1,0.3,724.020048,724.703,5218,1867,3351,TL,123624,0.1,0.3,724.091230,724.677,5304,1734,3570,TL,171165,0.1,0.2,724.076773,724.580,8798,2219,3400,3179,TL,154091,0.1,0.2,724.084924,724.651,7432,1981,3326,2125
37-2-20-0.1-90,800,80,2,20,0.1,90,1306,73298,320.8,41805,0.0,0.2,680.956285,680.956,5137,1308,3829,413.6,56011,0.0,0.2,680.945218,680.945,5207,1228,3979,125.9,7668,0.0,0.2,680.945218,680.945,5903,1321,3194,1388,190.1,14268,0.0,0.2,680.945218,680.945,5014,1311,2643,1060
37-2-20-0.2-10,800,80,2,20,0.2,10,1306,73298,TL,163545,0.1,0.2,704.374104,704.867,5425,2520,2905,TL,151717,0.0,0.2,704.377212,704.711,5733,2324,3409,TL,134207,0.1,0.2,704.327423,704.832,10123,2592,2876,4655,TL,114175,0.0,0.1,704.384089,704.694,8801,2353,3542,2906
37-2-20-0.2-50,800,80,2,20,0.2,50,1306,73298,TL,181384,0.0,0.3,693.485289,693.881,6456,2049,4407,TL,162672,0.0,0.3,693.547256,693.800,5782,1824,3958,TL,183600,0.0,0.2,693.529068,693.772,9067,2100,3304,3663,TL,173156,0.0,0.1,693.520954,693.789,7941,2014,3058,2869
37-2-20-0.2-90,800,80,2,20,0.2,90,1306,73298,266.6,25218,0.0,0.3,647.970139,647.970,5467,1484,3983,309.4,29478,0.0,0.2,647.969434,647.969,5715,1464,4251,120.7,5725,0.0,0.2,647.970139,647.970,6039,1653,2982,1404,135.0,7618,0.0,0.2,647.970139,647.970,5821,1574,3013,1234
38-1-20-0.01-10,900,5,1,20,0.01,10,1246,227712,17.9,242,0.0,1.0,673.328195,673.328,5707,2748,2959,21.1,257,0.0,1.0,673.328195,673.328,5929,3142,2787,24.4,68,0.0,0.8,673.328195,673.328,6456,2470,2318,1668,23.6,67,0.0,0.7,673.328195,673.328,6847,2686,2340,1821
38-1-20-0.01-50,900,5,1,20,0.01,50,1246,227712,9.3,73,0.0,0.5,665.468136,665.468,7206,3299,3907,9.8,88,0.0,0.7,665.468136,665.468,6370,3362,3008,14.8,41,0.0,0.4,665.468136,665.468,6939,2751,2729,1459,16.0,35,0.0,0.4,665.468136,665.468,6853,2523,2723,1607
38-1-20-0.01-90,900,5,1,20,0.01,90,1246,227712,3.8,11,0.0,0.1,588.009102,588.009,5290,1802,3488,4.0,11,0.0,0.1,588.009102,588.009,5056,1749,3307,8.0,7,0.0,0.1,588.009102,588.009,4974,1557,2005,1412,7.7,5,0.0,0.1,588.009102,588.009,4870,1536,1992,1342
38-1-20-0.1-10,900,5,1,20,0.1,10,1246,227712,18.2,199,0.0,1.0,648.910604,648.911,5860,2865,2995,19.4,213,0.0,1.1,648.910604,648.911,5822,2815,3007,17.4,67,0.0,0.7,649.006536,649.007,6657,2594,2097,1966,26.7,59,0.0,0.8,648.910604,648.911,7042,2339,2323,2380
38-1-20-0.1-50,900,5,1,20,0.1,50,1246,227712,8.8,89,0.0,0.7,639.296070,639.296,6852,3858,2994,13.6,73,0.0,0.6,639.296070,639.296,8144,4448,3696,15.9,45,0.0,0.5,639.296070,639.296,8142,3315,2416,2411,18.3,35,0.0,0.5,639.296070,639.296,7339,2780,2708,1851
38-1-20-0.1-90,900,5,1,20,0.1,90,1246,227712,4.0,9,0.0,0.1,567.033343,567.033,4876,1748,3128,3.9,9,0.0,0.1,567.033343,567.033,4919,1748,3171,9.7,9,0.0,0.1,567.033343,567.033,6192,1499,2788,1905,11.1,11,0.0,0.1,567.033343,567.033,6564,1589,2822,2153
38-1-20-0.2-10,900,5,1,20,0.2,10,1246,227712,12.2,120,0.0,0.9,622.030483,622.030,4757,2050,2707,13.7,131,0.0,0.9,622.030483,622.030,4877,2203,2674,14.2,55,0.0,0.6,622.030483,622.030,5920,1857,2294,1769,17.6,52,0.0,0.6,622.030483,622.030,6696,1849,2283,2564
38-1-20-0.2-50,900,5,1,20,0.2,50,1246,227712,12.1,97,0.0,0.9,610.215996,610.216,6151,3211,2940,14.2,93,0.0,0.8,610.215996,610.216,6212,3128,3084,24.2,37,0.0,0.7,610.215996,610.216,7047,2338,2863,1846,17.1,39,0.0,0.8,610.215996,610.216,5970,2154,2569,1247
38-1-20-0.2-90,900,5,1,20,0.2,90,1246,227712,4.6,14,0.0,0.2,543.726944,543.727,5998,1760,4238,4.5,13,0.0,0.2,543.726944,543.727,5054,1743,3311,10.9,13,0.0,0.3,543.726944,543.727,7252,1740,3190,2322,13.1,17,0.0,0.2,543.726944,543.727,7034,1630,3078,2326
38-2-20-0.01-10,900,5,2,20,0.01,10,1686,227272,24.6,303,0.0,1.1,673.847644,673.848,6798,3599,3199,25.3,276,0.0,1.0,673.847644,673.848,6654,3445,3209,22.7,89,0.0,0.8,673.847644,673.848,7605,2385,1978,3242,26.5,96,0.0,0.8,673.847644,673.848,6615,2512,2158,1945
38-2-20-0.01-50,900,5,2,20,0.01,50,1686,227272,8.7,85,0.0,0.7,665.838521,665.839,6669,3350,3319,10.3,95,0.0,0.7,665.838521,665.839,6261,3296,2965,20.7,37,0.0,0.5,665.838521,665.839,7836,2681,2673,2482,19.8,39,0.0,0.5,665.838521,665.839,7405,2750,2724,1931
38-2-20-0.01-90,900,5,2,20,0.01,90,1686,227272,3.6,11,0.0,0.1,588.740923,588.741,5138,1758,3380,5.1,11,0.0,0.1,588.740923,588.741,4885,1625,3260,8.0,7,0.0,0.1,588.740923,588.741,4791,1513,1921,1357,10.0,7,0.0,0.1,588.740923,588.741,4927,1503,1977,1447
38-2-20-0.1-10,900,5,2,20,0.1,10,1686,227272,17.5,173,0.0,1.0,649.932646,649.933,5469,2692,2777,15.5,152,0.0,0.8,649.932646,649.933,5312,2407,2905,21.3,49,0.0,0.7,649.932646,649.933,6507,2048,2151,2308,22.8,53,0.0,0.6,649.932646,649.933,6671,2085,2171,2415
38-2-20-0.1-50,900,5,2,20,0.1,50,1686,227272,10.6,100,0.0,0.6,639.966630,639.967,5443,2707,2736,11.6,81,0.0,0.7,639.966630,639.967,6191,3181,3010,22.4,39,0.0,0.7,639.966630,639.967,6923,2395,2619,1909,18.9,29,0.0,0.6,639.966630,639.967,6754,2249,2945,1560
38-2-20-0.1-90,900,5,2,20,0.1,90,1686,227272,4.0,10,0.0,0.1,568.073072,568.073,5178,1772,3406,5.9,15,0.0,0.2,568.073072,568.073,5443,1395,4048,10.3,10,0.0,0.1,568.073072,568.073,6282,1612,2728,1942,10.6,9,0.0,0.1,568.073072,568.073,6118,1642,2569,1907
38-2-20-0.2-10,900,5,2,20,0.2,10,1686,227272,12.0,111,0.0,0.9,623.413517,623.414,5221,2435,2786,11.3,121,0.0,0.8,623.413517,623.414,4805,2288,2517,19.7,47,0.0,0.6,623.413517,623.414,6960,2038,2462,2460,16.8,35,0.0,0.8,623.413517,623.414,5970,1942,2242,1786
38-2-20-0.2-50,900,5,2,20,0.2,50,1686,227272,14.5,113,0.0,1.0,611.220085,611.220,6112,3311,2801,13.8,117,0.0,0.8,611.220085,611.220,5768,2824,2944,17.9,41,0.0,0.8,611.220085,611.220,7740,2938,2698,2104,18.0,49,0.0,0.7,611.220085,611.220,7777,2401,3121,2255
38-2-20-0.2-90,900,5,2,20,0.2,90,1686,227272,4.0,21,0.0,0.3,545.108793,545.109,5883,1755,4128,6.6,19,0.0,0.3,545.108793,545.109,6342,1900,4442,11.9,13,0.0,0.2,545.108793,545.109,7578,1687,3140,2751,15.3,11,0.0,0.3,545.108793,545.109,7175,1696,3446,2033
39-1-20-0.01-10,900,10,1,20,0.01,10,1246,231030,35.2,494,0.0,0.3,781.330311,781.330,6643,3417,3226,38.3,458,0.0,0.3,781.330311,781.330,6765,3430,3335,39.1,111,0.0,0.3,781.330311,781.330,7080,3008,2696,1376,41.9,128,0.0,0.3,781.330311,781.330,7120,3106,2603,1411
39-1-20-0.01-50,900,10,1,20,0.01,50,1246,231030,19.0,191,0.0,0.3,774.576411,774.576,6492,2907,3585,24.8,267,0.0,0.4,774.576411,774.576,6323,3029,3294,46.5,135,0.0,0.3,774.576411,774.576,7159,2067,3032,2060,39.2,111,0.0,0.2,774.576411,774.576,7188,2317,2993,1878
39-1-20-0.01-90,900,10,1,20,0.01,90,1246,231030,4.8,44,0.0,0.2,734.125075,734.125,5403,1800,3603,6.6,53,0.0,0.2,734.125075,734.125,5637,1781,3856,13.1,29,0.0,0.2,734.125075,734.125,6011,1816,3019,1176,14.5,39,0.0,0.1,734.125075,734.125,5997,1907,3136,954
39-1-20-0.1-10,900,10,1,20,0.1,10,1246,231030,39.6,481,0.0,0.3,749.261498,749.261,6201,3298,2903,38.4,450,0.0,0.3,749.261498,749.261,6263,3270,2993,34.4,114,0.0,0.2,749.261498,749.261,6401,2830,2461,1110,39.8,103,0.0,0.3,749.261498,749.261,6874,3051,2373,1450
39-1-20-0.1-50,900,10,1,20,0.1,50,1246,231030,41.7,572,0.0,0.3,741.283557,741.284,5776,2336,3440,45.4,622,0.0,0.3,741.283557,741.284,5766,2393,3373,49.8,220,0.0,0.3,741.283557,741.284,6713,2249,3067,1397,60.6,230,0.0,0.3,741.283557,741.284,5764,1864,2972,928
39-1-20-0.1-90,900,10,1,20,0.1,90,1246,231030,6.6,37,0.0,0.2,703.631127,703.631,6005,2026,3979,6.3,45,0.0,0.2,703.631127,703.631,6244,2016,4228,14.3,34,0.0,0.1,703.631127,703.631,7224,2081,3373,1770,15.1,27,0.0,0.2,703.631127,703.631,7048,2074,3061,1913
39-1-20-0.2-10,900,10,1,20,0.2,10,1246,231030,32.5,431,0.0,0.3,713.629484,713.629,5858,2740,3118,32.0,407,0.0,0.3,713.629484,713.629,6075,2912,3163,33.5,130,0.0,0.3,713.629484,713.629,6202,2439,2634,1129,29.9,103,0.0,0.2,713.629484,713.629,6424,2573,2755,1096
39-1-20-0.2-50,900,10,1,20,0.2,50,1246,231030,43.6,634,0.0,0.4,705.212720,705.213,5936,2658,3278,39.1,659,0.0,0.4,705.212720,705.213,5797,2578,3219,61.3,221,0.0,0.3,705.212720,705.213,6855,2560,2797,1498,61.6,195,0.0,0.3,705.212720,705.213,6821,2624,2943,1254
39-1-20-0.2-90,900,10,1,20,0.2,90,1246,231030,6.1,53,0.0,0.2,669.748962,669.749,5510,1491,4019,6.9,54,0.0,0.2,669.748962,669.749,5932,1518,4414,17.0,37,0.0,0.2,669.748962,669.749,6722,1705,3906,1111,22.9,47,0.0,0.2,669.748962,669.749,6793,1554,3880,1359
39-2-20-0.01-10,900,10,2,20,0.01,10,1688,230588,37.5,486,0.0,0.3,781.453938,781.454,5859,2861,2998,44.0,653,0.0,0.3,781.453938,781.454,5998,3041,2957,39.5,128,0.0,0.3,781.453938,781.454,5674,2008,2179,1487,31.9,109,0.0,0.3,781.453938,781.454,5567,1923,2659,985
39-2-20-0.01-50,900,10,2,20,0.01,50,1688,230588,36.9,430,0.0,0.3,774.684530,774.685,7184,3025,4159,20.4,203,0.0,0.3,774.684530,774.685,6424,2570,3854,43.1,157,0.0,0.3,774.684530,774.685,7666,2020,3354,2292,56.3,160,0.0,0.3,774.684530,774.685,7722,2100,3395,2227
39-2-20-0.01-90,900,10,2,20,0.01,90,1688,230588,5.2,40,0.0,0.2,734.242615,734.243,5760,1742,4018,6.2,45,0.0,0.2,734.242615,734.243,5638,1797,3841,10.2,21,0.0,0.1,734.242615,734.243,5669,1762,3001,906,13.1,25,0.0,0.1,734.242615,734.243,6015,1817,3072,1126
39-2-20-0.1-10,900,10,2,20,0.1,10,1688,230588,40.3,523,0.0,0.3,750.060111,750.060,6392,3237,3155,39.5,566,0.0,0.3,750.060111,750.060,6072,3169,2903,38.8,123,0.0,0.2,750.060111,750.060,6662,2837,2355,1470,37.5,120,0.0,0.3,750.060111,750.060,6913,3266,2279,1368
39-2-20-0.1-50,900,10,2,20,0.1,50,1688,230588,47.5,616,0.0,0.3,742.018606,742.019,6412,2963,3449,40.6,563,0.0,0.3,742.018606,742.019,5974,2545,3429,65.8,223,0.0,0.3,742.018606,742.019,6649,2382,2950,1317,67.9,251,0.0,0.3,742.018606,742.019,6031,1987,2922,1122
39-2-20-0.1-90,900,10,2,20,0.1,90,1688,230588,5.8,43,0.0,0.2,704.157434,704.157,6548,1937,4611,7.2,49,0.0,0.2,704.157434,704.157,6657,2000,4657,18.3,23,0.0,0.2,704.157434,704.157,7667,1999,3578,2090,15.2,31,0.0,0.2,704.157434,704.157,6648,1939,3498,1211
39-2-20-0.2-10,900,10,2,20,0.2,10,1688,230588,34.9,469,0.0,0.3,715.178081,715.178,5300,2620,2680,31.3,431,0.0,0.3,715.178081,715.178,5587,2802,2785,33.7,133,0.0,0.2,715.178081,715.178,6345,2417,2256,1672,35.8,99,0.0,0.3,715.178081,715.178,6913,2631,2332,1950
39-2-20-0.2-50,900,10,2,20,0.2,50,1688,230588,36.8,493,0.0,0.4,706.738509,706.739,6061,2846,3215,35.8,460,0.0,0.4,706.738509,706.739,5435,2356,3079,50.5,185,0.0,0.3,706.738509,706.739,6713,2493,2724,1496,51.7,193,0.0,0.4,706.738509,706.739,6618,2283,2841,1494
39-2-20-0.2-90,900,10,2,20,0.2,90,1688,230588,9.0,75,0.0,0.3,670.729455,670.729,5798,1490,4308,9.6,77,0.0,0.2,670.729455,670.729,5982,1542,4440,21.6,64,0.0,0.2,670.729455,670.729,7031,1795,3897,1339,23.2,54,0.0,0.3,670.729455,670.729,6379,1776,3531,1072
40-1-20-0.01-10,900,90,1,20,0.01,10,1170,143338,TL,81229,0.2,0.4,886.137816,888.147,6992,3624,3368,TL,89002,0.1,0.2,886.897584,887.892,6145,2788,3357,TL,41874,0.2,0.4,886.068739,888.085,11953,4090,3260,4603,TL,83519,0.1,0.2,886.881350,887.967,8724,3069,3281,2374
40-1-20-0.01-50,900,90,1,20,0.01,50,1170,143338,TL,115308,0.2,0.4,880.902135,882.685,5599,2278,3321,TL,125391,0.1,0.2,881.546224,882.455,5240,2142,3098,TL,90675,0.2,0.4,880.728184,882.615,9934,3077,2664,4193,TL,80369,0.1,0.2,881.494301,882.258,7823,2585,2688,2550
40-1-20-0.01-90,900,90,1,20,0.01,90,1170,143338,95.4,7879,0.0,0.1,856.588894,856.589,4172,1517,2655,55.6,4392,0.0,0.1,856.588894,856.589,3699,1360,2339,115.2,2532,0.0,0.1,856.588894,856.589,4393,1331,2200,862,139.5,5723,0.0,0.1,856.588894,856.589,4091,1285,1967,839
40-1-20-0.1-10,900,90,1,20,0.1,10,1170,143338,TL,93599,0.2,0.5,849.984091,851.778,5700,2689,3011,TL,94979,0.1,0.2,850.900018,851.654,5082,2485,2597,TL,71458,0.2,0.4,850.102626,851.719,11234,3212,2664,5358,TL,67949,0.1,0.2,850.944526,851.577,8189,2799,2360,3030
40-1-20-0.1-50,900,90,1,20,0.1,50,1170,143338,TL,136732,0.2,0.4,844.288714,846.185,5289,2230,3059,TL,107134,0.1,0.2,845.210280,846.051,4932,2121,2811,TL,126964,0.2,0.3,844.313130,846.129,9662,2819,2945,3898,TL,89376,0.1,0.2,845.220650,845.960,7328,2284,2481,2563
40-1-20-0.1-90,900,90,1,20,0.1,90,1170,143338,281.5,32048,0.0,0.1,819.516927,819.517,4326,1691,2635,382.0,45691,0.0,0.1,819.516927,819.517,4210,1524,2686,317.1,22977,0.0,0.1,819.516927,819.517,4979,1505,2340,1134,376.7,33810,0.0,0.1,819.520132,819.520,4675,1497,2169,1009
40-1-20-0.2-10,900,90,1,20,0.2,10,1170,143338,TL,110100,0.2,0.4,811.897695,813.248,5060,2438,2622,TL,94687,0.1,0.2,812.574595,813.075,4904,2383,2521,TL,108681,0.1,0.2,812.231070,813.123,10339,2929,2358,5052,TL,73911,0.0,0.1,812.664646,813.037,7593,2400,2201,2992
40-1-20-0.2-50,900,90,1,20,0.2,50,1170,143338,TL,149744,0.1,0.4,805.737210,806.966,5009,2078,2931,TL,120636,0.1,0.2,806.375117,806.845,4596,2218,2378,TL,118409,0.2,0.2,805.633681,806.861,9051,2311,2618,4122,TL,78405,0.0,0.1,806.370732,806.718,7003,2070,2316,2617
40-1-20-0.2-90,900,90,1,20,0.2,90,1170,143338,299.4,34544,0.0,0.1,779.204398,779.204,4485,1628,2857,355.5,36141,0.0,0.1,779.204398,779.204,4373,1698,2675,236.1,12676,0.0,0.1,779.204398,779.204,5369,1734,2229,1406,382.1,33084,0.0,0.1,779.204398,779.204,4893,1652,2206,1035
40-2-20-0.01-10,900,90,2,20,0.01,10,1534,142974,TL,75993,0.2,0.5,886.024117,888.268,6977,3275,3702,TL,95854,0.1,0.2,887.081208,888.071,5984,2563,3421,TL,70997,0.3,0.5,885.870774,888.237,12353,4068,3380,4905,TL,67073,0.1,0.2,887.060957,888.007,8320,3198,2855,2267
40-2-20-0.01-50,900,90,2,20,0.01,50,1534,142974,TL,103115,0.3,0.5,880.473702,883.021,5491,2381,3110,TL,92714,0.1,0.2,881.796542,882.466,5118,2186,2932,TL,108443,0.2,0.4,880.598301,882.781,10018,2985,2958,4075,TL,96507,0.1,0.2,881.647324,882.549,8563,2758,3255,2550
40-2-20-0.01-90,900,90,2,20,0.01,90,1534,142974,98.0,8578,0.0,0.1,857.228022,857.228,3747,1435,2312,96.3,8419,0.0,0.1,857.228022,857.228,3626,1347,2279,120.9,1780,0.0,0.1,857.228022,857.228,4672,1454,2074,1144,147.3,6795,0.0,0.1,857.228022,857.228,4138,1366,1977,795
40-2-20-0.1-10,900,90,2,20,0.1,10,1534,142974,TL,100954,0.2,0.4,852.250348,853.761,5336,2480,2856,TL,94639,0.1,0.2,852.886244,853.555,4788,2245,2543,TL,100356,0.2,0.4,852.148740,853.693,11490,3045,2699,5746,TL,92592,0.1,0.2,852.951037,853.558,9210,2763,2753,3694
40-2-20-0.1-50,900,90,2,20,0.1,50,1534,142974,TL,149934,0.1,0.4,846.951499,848.146,4908,2110,2798,TL,127125,0.1,0.3,847.166454,847.867,4495,1979,2516,TL,119845,0.2,0.3,846.616371,848.046,8714,2471,2665,3578,TL,76042,0.1,0.2,847.231871,847.892,7051,2114,2517,2420
40-2-20-0.1-90,900,90,2,20,0.1,90,1534,142974,495.9,61730,0.0,0.2,821.333024,821.333,4236,1538,2698,442.0,51452,0.0,0.1,821.329594,821.330,4050,1521,2529,418.5,32941,0.0,0.1,821.333024,821.333,5340,1592,2421,1327,436.7,33880,0.0,0.1,821.329594,821.330,4897,1441,2480,976
40-2-20-0.2-10,900,90,2,20,0.2,10,1534,142974,TL,141788,0.1,0.3,817.548350,818.326,5201,2371,2830,TL,130182,0.0,0.2,817.914977,818.170,4240,2057,2183,TL,161798,0.0,0.1,817.889131,818.199,9266,2450,2157,4659,TL,129553,0.0,0.1,817.968896,818.178,6641,2173,2140,2328
40-2-20-0.2-50,900,90,2,20,0.2,50,1534,142974,TL,130562,0.1,0.3,810.688595,811.572,5500,2173,3327,TL,141976,0.1,0.2,810.958298,811.429,4902,1997,2905,TL,150872,0.1,0.2,810.925700,811.455,8178,2112,2416,3650,TL,105635,0.0,0.1,811.020751,811.361,7004,2118,2378,2508
40-2-20-0.2-90,900,90,2,20,0.2,90,1534,142974,170.1,16316,0.0,0.2,782.713522,782.714,4333,1686,2647,219.2,25755,0.0,0.1,782.714916,782.715,3688,1547,2141,271.9,21494,0.0,0.1,782.714916,782.715,5043,1632,2148,1263,199.4,12891,0.0,0.1,782.713522,782.714,4542,1541,1879,1122
